Time,Energy delta[Wh],GHI,temp,pressure,humidity,wind_speed,rain_1h,snow_1h,clouds_all,isSun,sunlightTime,dayLength,SunlightTime/daylength,weather_type,hour,month
01-05-2017 00:00,0,0.0,1.1,983,82,9.5,0.0,1.68,75,0,0,465,0.0,4,0,1
01-05-2017 00:15,0,0.0,1.1,983,82,9.5,0.0,1.68,75,0,0,465,0.0,4,0,1
01-05-2017 00:30,0,0.0,1.1,983,82,9.5,0.0,1.68,75,0,0,465,0.0,4,0,1
01-05-2017 00:45,0,0.0,1.1,983,82,9.5,0.0,1.68,75,0,0,465,0.0,4,0,1
01-05-2017 01:00,0,0.0,2.1,983,80,11.1,1.24,0.0,75,0,0,465,0.0,4,1,1
01-05-2017 01:15,0,0.0,2.1,983,80,11.1,1.24,0.0,75,0,0,465,0.0,4,1,1
01-05-2017 01:30,0,0.0,2.1,983,80,11.1,1.24,0.0,75,0,0,465,0.0,4,1,1
01-05-2017 01:45,0,0.0,2.1,983,80,11.1,1.24,0.0,75,0,0,465,0.0,4,1,1
01-05-2017 02:00,0,0.0,2.3,982,77,10.7,0.58,0.0,41,0,0,465,0.0,4,2,1
01-05-2017 02:15,0,0.0,2.3,982,77,10.7,0.58,0.0,41,0,0,465,0.0,4,2,1
01-05-2017 02:30,0,0.0,2.3,982,77,10.7,0.58,0.0,41,0,0,465,0.0,4,2,1
01-05-2017 02:45,0,0.0,2.3,982,77,10.7,0.58,0.0,41,0,0,465,0.0,4,2,1
01-05-2017 03:00,0,0.0,1.8,982,72,10.9,0.0,0.0,10,0,0,465,0.0,2,3,1
01-05-2017 03:15,0,0.0,1.8,982,72,10.9,0.0,0.0,10,0,0,465,0.0,2,3,1
01-05-2017 03:30,0,0.0,1.8,982,72,10.9,0.0,0.0,10,0,0,465,0.0,2,3,1
01-05-2017 03:45,0,0.0,1.8,982,72,10.9,0.0,0.0,10,0,0,465,0.0,2,3,1
01-05-2017 04:00,0,0.0,1.9,981,70,10.6,0.0,0.0,3,0,0,465,0.0,1,4,1
01-05-2017 04:15,0,0.0,1.9,981,70,10.6,0.0,0.0,3,0,0,465,0.0,1,4,1
01-05-2017 04:30,0,0.0,1.9,981,70,10.6,0.0,0.0,3,0,0,465,0.0,1,4,1
01-05-2017 04:45,0,0.0,1.9,981,70,10.6,0.0,0.0,3,0,0,465,0.0,1,4,1
01-05-2017 05:00,0,0.0,2.4,980,72,10.7,0.0,0.0,49,0,0,465,0.0,3,5,1
01-05-2017 05:15,0,0.0,2.4,980,72,10.7,0.0,0.0,49,0,0,465,0.0,3,5,1
01-05-2017 05:30,0,0.0,2.4,980,72,10.7,0.0,0.0,49,0,0,465,0.0,3,5,1
01-05-2017 05:45,0,0.0,2.4,980,72,10.7,0.0,0.0,49,0,0,465,0.0,3,5,1
01-05-2017 06:00,0,0.0,2.5,979,72,11.5,0.19,0.0,56,0,0,465,0.0,4,6,1
01-05-2017 06:15,0,0.0,2.5,979,72,11.5,0.19,0.0,56,0,0,465,0.0,4,6,1
01-05-2017 06:30,0,0.0,2.5,979,72,11.5,0.19,0.0,56,0,0,465,0.0,4,6,1
01-05-2017 06:45,0,0.0,2.5,979,72,11.5,0.19,0.0,56,0,0,465,0.0,4,6,1
01-05-2017 07:00,0,0.0,1.7,978,76,11.6,0.3,0.0,36,0,0,465,0.0,4,7,1
01-05-2017 07:15,0,0.4,1.7,978,76,11.6,0.3,0.0,36,0,0,465,0.0,4,7,1
01-05-2017 07:30,0,3.6,1.7,978,76,11.6,0.3,0.0,36,0,0,465,0.0,4,7,1
01-05-2017 07:45,0,8.1,1.7,978,76,11.6,0.3,0.0,36,0,0,465,0.0,4,7,1
01-05-2017 08:00,37,13.5,1.4,978,76,11.5,0.0,0.14,61,0,0,465,0.0,4,8,1
01-05-2017 08:15,86,19.4,1.4,978,76,11.5,0.0,0.14,61,0,0,465,0.0,4,8,1
01-05-2017 08:30,121,24.9,1.4,978,76,11.5,0.0,0.14,61,0,0,465,0.0,4,8,1
01-05-2017 08:45,525,11.9,1.4,978,76,11.5,0.0,0.14,61,0,0,465,0.0,4,8,1
01-05-2017 09:00,177,4.4,1.8,978,77,11.5,0.41,0.0,75,0,0,465,0.0,4,9,1
01-05-2017 09:15,259,4.8,1.8,978,77,11.5,0.41,0.0,75,0,0,465,0.0,4,9,1
01-05-2017 09:30,581,5.4,1.8,978,77,11.5,0.41,0.0,75,0,0,465,0.0,4,9,1
01-05-2017 09:45,203,5.8,1.8,978,77,11.5,0.41,0.0,75,0,0,465,0.0,4,9,1
01-05-2017 10:00,51,6.5,2.3,979,76,11.2,0.19,0.0,48,0,0,465,0.0,4,10,1
01-05-2017 10:15,119,16.8,2.3,979,76,11.2,0.19,0.0,48,0,0,465,0.0,4,10,1
01-05-2017 10:30,770,11.4,2.3,979,76,11.2,0.19,0.0,48,0,0,465,0.0,4,10,1
01-05-2017 10:45,611,8.6,2.3,979,76,11.2,0.19,0.0,48,0,0,465,0.0,4,10,1
01-05-2017 11:00,481,17.5,2.4,979,72,12.2,0.71,0.0,62,0,0,465,0.0,4,11,1
01-05-2017 11:15,802,11.3,2.4,979,72,12.2,0.71,0.0,62,0,0,465,0.0,4,11,1
01-05-2017 11:30,390,6.6,2.4,979,72,12.2,0.71,0.0,62,0,0,465,0.0,4,11,1
01-05-2017 11:45,429,6.4,2.4,979,72,12.2,0.71,0.0,62,0,0,465,0.0,4,11,1
01-05-2017 12:00,284,6.4,1.3,980,73,12.6,0.0,0.36,74,0,0,465,0.0,4,12,1
01-05-2017 12:15,210,12.3,1.3,980,73,12.6,0.0,0.36,74,0,0,465,0.0,4,12,1
01-05-2017 12:30,192,17.9,1.3,980,73,12.6,0.0,0.36,74,0,0,465,0.0,4,12,1
01-05-2017 12:45,74,18.8,1.3,980,73,12.6,0.0,0.36,74,0,0,465,0.0,4,12,1
01-05-2017 13:00,102,27.7,1.3,982,74,11.5,0.0,0.22,75,0,0,465,0.0,4,13,1
01-05-2017 13:15,79,29.7,1.3,982,74,11.5,0.0,0.22,75,0,0,465,0.0,4,13,1
01-05-2017 13:30,65,19.0,1.3,982,74,11.5,0.0,0.22,75,0,0,465,0.0,4,13,1
01-05-2017 13:45,172,13.1,1.3,982,74,11.5,0.0,0.22,75,0,0,465,0.0,4,13,1
01-05-2017 14:00,80,11.9,0.7,983,75,11.2,0.0,0.41,75,0,0,465,0.0,4,14,1
01-05-2017 14:15,12,7.1,0.7,983,75,11.2,0.0,0.41,75,0,0,465,0.0,4,14,1
01-05-2017 14:30,0,2.1,0.7,983,75,11.2,0.0,0.41,75,0,0,465,0.0,4,14,1
01-05-2017 14:45,0,0.0,0.7,983,75,11.2,0.0,0.41,75,0,0,465,0.0,4,14,1
01-05-2017 15:00,0,0.0,0.2,985,72,11.0,0.0,0.24,43,0,0,465,0.0,4,15,1
01-05-2017 15:15,0,0.0,0.2,985,72,11.0,0.0,0.24,43,0,0,465,0.0,4,15,1
01-05-2017 15:30,0,0.0,0.2,985,72,11.0,0.0,0.24,43,0,0,465,0.0,4,15,1
01-05-2017 15:45,0,0.0,0.2,985,72,11.0,0.0,0.24,43,0,0,465,0.0,4,15,1
01-05-2017 16:00,0,0.0,0.0,987,70,10.4,0.0,0.0,53,0,0,465,0.0,3,16,1
01-05-2017 16:15,0,0.0,0.0,987,70,10.4,0.0,0.0,53,0,0,465,0.0,3,16,1
01-05-2017 16:30,0,0.0,0.0,987,70,10.4,0.0,0.0,53,0,0,465,0.0,3,16,1
01-05-2017 16:45,0,0.0,0.0,987,70,10.4,0.0,0.0,53,0,0,465,0.0,3,16,1
01-05-2017 17:00,0,0.0,0.3,989,69,9.9,0.0,0.0,59,0,0,465,0.0,3,17,1
01-05-2017 17:15,0,0.0,0.3,989,69,9.9,0.0,0.0,59,0,0,465,0.0,3,17,1
01-05-2017 17:30,0,0.0,0.3,989,69,9.9,0.0,0.0,59,0,0,465,0.0,3,17,1
01-05-2017 17:45,0,0.0,0.3,989,69,9.9,0.0,0.0,59,0,0,465,0.0,3,17,1
01-05-2017 18:00,0,0.0,-0.3,990,70,9.2,0.0,0.0,46,0,0,465,0.0,3,18,1
01-05-2017 18:15,0,0.0,-0.3,990,70,9.2,0.0,0.0,46,0,0,465,0.0,3,18,1
01-05-2017 18:30,0,0.0,-0.3,990,70,9.2,0.0,0.0,46,0,0,465,0.0,3,18,1
01-05-2017 18:45,0,0.0,-0.3,990,70,9.2,0.0,0.0,46,0,0,465,0.0,3,18,1
01-05-2017 19:00,0,0.0,-1.1,992,69,8.7,0.0,0.0,22,0,0,465,0.0,2,19,1
01-05-2017 19:15,0,0.0,-1.1,992,69,8.7,0.0,0.0,22,0,0,465,0.0,2,19,1
01-05-2017 19:30,0,0.0,-1.1,992,69,8.7,0.0,0.0,22,0,0,465,0.0,2,19,1
01-05-2017 19:45,0,0.0,-1.1,992,69,8.7,0.0,0.0,22,0,0,465,0.0,2,19,1
01-05-2017 20:00,0,0.0,-0.6,993,71,8.5,0.0,0.0,51,0,0,465,0.0,3,20,1
01-05-2017 20:15,0,0.0,-0.6,993,71,8.5,0.0,0.0,51,0,0,465,0.0,3,20,1
01-05-2017 20:30,0,0.0,-0.6,993,71,8.5,0.0,0.0,51,0,0,465,0.0,3,20,1
01-05-2017 20:45,0,0.0,-0.6,993,71,8.5,0.0,0.0,51,0,0,465,0.0,3,20,1
01-05-2017 21:00,0,0.0,-1.6,995,72,8.4,0.0,0.0,64,0,0,465,0.0,4,21,1
01-05-2017 21:15,0,0.0,-1.6,995,72,8.4,0.0,0.0,64,0,0,465,0.0,4,21,1
01-05-2017 21:30,0,0.0,-1.6,995,72,8.4,0.0,0.0,64,0,0,465,0.0,4,21,1
01-05-2017 21:45,0,0.0,-1.6,995,72,8.4,0.0,0.0,64,0,0,465,0.0,4,21,1
01-05-2017 22:00,0,0.0,-1.5,996,70,8.4,0.0,0.0,65,0,0,465,0.0,4,22,1
01-05-2017 22:15,0,0.0,-1.5,996,70,8.4,0.0,0.0,65,0,0,465,0.0,4,22,1
01-05-2017 22:30,0,0.0,-1.5,996,70,8.4,0.0,0.0,65,0,0,465,0.0,4,22,1
01-05-2017 22:45,0,0.0,-1.5,996,70,8.4,0.0,0.0,65,0,0,465,0.0,4,22,1
01-05-2017 23:00,0,0.0,-1.6,998,70,8.1,0.0,0.0,70,0,0,465,0.0,4,23,1
01-05-2017 23:15,0,0.0,-1.6,998,70,8.1,0.0,0.0,70,0,0,465,0.0,4,23,1
01-05-2017 23:30,0,0.0,-1.6,998,70,8.1,0.0,0.0,70,0,0,465,0.0,4,23,1
01-05-2017 23:45,0,0.0,-1.6,998,70,8.1,0.0,0.0,70,0,0,465,0.0,4,23,1
01-06-2017 00:00,0,0.0,0.9,971,72,11.8,0.0,1.68,56,0,0,465,0.0,4,0,1
01-06-2017 00:15,0,0.0,0.9,971,72,11.8,0.0,1.68,56,0,0,465,0.0,4,0,1
01-06-2017 00:30,0,0.0,0.9,971,72,11.8,0.0,1.68,56,0,0,465,0.0,4,0,1
01-06-2017 00:45,0,0.0,0.9,971,72,11.8,0.0,1.68,56,0,0,465,0.0,4,0,1
01-06-2017 01:00,0,0.0,1.9,971,70,13.9,1.24,0.0,56,0,0,465,0.0,4,1,1
01-06-2017 01:15,0,0.0,1.9,971,70,13.9,1.24,0.0,56,0,0,465,0.0,4,1,1
01-06-2017 01:30,0,0.0,1.9,971,70,13.9,1.24,0.0,56,0,0,465,0.0,4,1,1
01-06-2017 01:45,0,0.0,1.9,971,70,13.9,1.24,0.0,56,0,0,465,0.0,4,1,1
01-06-2017 02:00,0,0.0,2.1,970,67,13.4,0.58,0.0,31,0,0,465,0.0,4,2,1
01-06-2017 02:15,0,0.0,2.1,970,67,13.4,0.58,0.0,31,0,0,465,0.0,4,2,1
01-06-2017 02:30,0,0.0,2.1,970,67,13.4,0.58,0.0,31,0,0,465,0.0,4,2,1
01-06-2017 02:45,0,0.0,2.1,970,67,13.4,0.58,0.0,31,0,0,465,0.0,4,2,1
01-06-2017 03:00,0,0.0,1.6,970,63,13.6,0.0,0.0,7,0,0,465,0.0,2,3,1
01-06-2017 03:15,0,0.0,1.6,970,63,13.6,0.0,0.0,7,0,0,465,0.0,2,3,1
01-06-2017 03:30,0,0.0,1.6,970,63,13.6,0.0,0.0,7,0,0,465,0.0,2,3,1
01-06-2017 03:45,0,0.0,1.6,970,63,13.6,0.0,0.0,7,0,0,465,0.0,2,3,1
01-06-2017 04:00,0,0.0,1.7,969,61,13.2,0.0,0.0,2,0,0,465,0.0,1,4,1
01-06-2017 04:15,0,0.0,1.7,969,61,13.2,0.0,0.0,2,0,0,465,0.0,1,4,1
01-06-2017 04:30,0,0.0,1.7,969,61,13.2,0.0,0.0,2,0,0,465,0.0,1,4,1
01-06-2017 04:45,0,0.0,1.7,969,61,13.2,0.0,0.0,2,0,0,465,0.0,1,4,1
01-06-2017 05:00,0,0.0,2.2,968,62,13.4,0.0,0.0,37,0,0,465,0.0,2,5,1
01-06-2017 05:15,0,0.0,2.2,968,62,13.4,0.0,0.0,37,0,0,465,0.0,2,5,1
01-06-2017 05:30,0,0.0,2.2,968,62,13.4,0.0,0.0,37,0,0,465,0.0,2,5,1
01-06-2017 05:45,0,0.0,2.2,968,62,13.4,0.0,0.0,37,0,0,465,0.0,2,5,1
01-06-2017 06:00,0,0.0,2.3,967,63,14.3,0.19,0.0,42,0,0,465,0.0,4,6,1
01-06-2017 06:15,0,0.0,2.3,967,63,14.3,0.19,0.0,42,0,0,465,0.0,4,6,1
01-06-2017 06:30,0,0.0,2.3,967,63,14.3,0.19,0.0,42,0,0,465,0.0,4,6,1
01-06-2017 06:45,0,0.0,2.3,967,63,14.3,0.19,0.0,42,0,0,465,0.0,4,6,1
01-06-2017 07:00,0,0.0,1.5,966,66,14.5,0.3,0.0,27,0,0,465,0.0,4,7,1
01-06-2017 07:15,0,0.5,1.5,966,66,14.5,0.3,0.0,27,0,0,465,0.0,4,7,1
01-06-2017 07:30,0,4.4,1.5,966,66,14.5,0.3,0.0,27,0,0,465,0.0,4,7,1
01-06-2017 07:45,0,9.9,1.5,966,66,14.5,0.3,0.0,27,0,0,465,0.0,4,7,1
01-06-2017 08:00,63,16.6,1.2,966,66,14.3,0.0,0.14,46,0,0,465,0.0,4,8,1
01-06-2017 08:15,147,23.8,1.2,966,66,14.3,0.0,0.14,46,0,0,465,0.0,4,8,1
01-06-2017 08:30,207,30.5,1.2,966,66,14.3,0.0,0.14,46,0,0,465,0.0,4,8,1
01-06-2017 08:45,900,14.6,1.2,966,66,14.3,0.0,0.14,46,0,0,465,0.0,4,8,1
01-06-2017 09:00,303,5.4,1.6,966,67,14.3,0.41,0.0,56,0,0,465,0.0,4,9,1
01-06-2017 09:15,444,5.9,1.6,966,67,14.3,0.41,0.0,56,0,0,465,0.0,4,9,1
01-06-2017 09:30,996,6.6,1.6,966,67,14.3,0.41,0.0,56,0,0,465,0.0,4,9,1
01-06-2017 09:45,348,7.1,1.6,966,67,14.3,0.41,0.0,56,0,0,465,0.0,4,9,1
01-06-2017 10:00,87,8.0,2.1,967,66,14.0,0.19,0.0,36,0,0,465,0.0,4,10,1
01-06-2017 10:15,204,20.6,2.1,967,66,14.0,0.19,0.0,36,0,0,465,0.0,4,10,1
01-06-2017 10:30,1320,14.0,2.1,967,66,14.0,0.19,0.0,36,0,0,465,0.0,4,10,1
01-06-2017 10:45,1047,10.5,2.1,967,66,14.0,0.19,0.0,36,0,0,465,0.0,4,10,1
01-06-2017 11:00,825,21.5,2.2,967,63,15.3,0.71,0.0,47,0,0,465,0.0,4,11,1
01-06-2017 11:15,1374,13.8,2.2,967,63,15.3,0.71,0.0,47,0,0,465,0.0,4,11,1
01-06-2017 11:30,669,8.1,2.2,967,63,15.3,0.71,0.0,47,0,0,465,0.0,4,11,1
01-06-2017 11:45,735,7.8,2.2,967,63,15.3,0.71,0.0,47,0,0,465,0.0,4,11,1
01-06-2017 12:00,486,7.8,1.1,968,64,15.7,0.0,0.36,56,0,0,465,0.0,4,12,1
01-06-2017 12:15,360,15.0,1.1,968,64,15.7,0.0,0.36,56,0,0,465,0.0,4,12,1
01-06-2017 12:30,330,22.0,1.1,968,64,15.7,0.0,0.36,56,0,0,465,0.0,4,12,1
01-06-2017 12:45,126,23.0,1.1,968,64,15.7,0.0,0.36,56,0,0,465,0.0,4,12,1
01-06-2017 13:00,174,34.0,1.1,970,65,14.3,0.0,0.22,56,0,0,465,0.0,4,13,1
01-06-2017 13:15,135,36.4,1.1,970,65,14.3,0.0,0.22,56,0,0,465,0.0,4,13,1
01-06-2017 13:30,111,23.3,1.1,970,65,14.3,0.0,0.22,56,0,0,465,0.0,4,13,1
01-06-2017 13:45,294,16.1,1.1,970,65,14.3,0.0,0.22,56,0,0,465,0.0,4,13,1
01-06-2017 14:00,138,14.6,0.5,971,66,14.0,0.0,0.41,56,0,0,465,0.0,4,14,1
01-06-2017 14:15,21,8.7,0.5,971,66,14.0,0.0,0.41,56,0,0,465,0.0,4,14,1
01-06-2017 14:30,0,2.6,0.5,971,66,14.0,0.0,0.41,56,0,0,465,0.0,4,14,1
01-06-2017 14:45,0,0.0,0.5,971,66,14.0,0.0,0.41,56,0,0,465,0.0,4,14,1
01-06-2017 15:00,0,0.0,-0.0,973,63,13.7,0.0,0.24,32,0,0,465,0.0,4,15,1
01-06-2017 15:15,0,0.0,-0.0,973,63,13.7,0.0,0.24,32,0,0,465,0.0,4,15,1
01-06-2017 15:30,0,0.0,-0.0,973,63,13.7,0.0,0.24,32,0,0,465,0.0,4,15,1
01-06-2017 15:45,0,0.0,-0.0,973,63,13.7,0.0,0.24,32,0,0,465,0.0,4,15,1
01-06-2017 16:00,0,0.0,-0.2,975,61,12.9,0.0,0.0,40,0,0,465,0.0,2,16,1
01-06-2017 16:15,0,0.0,-0.2,975,61,12.9,0.0,0.0,40,0,0,465,0.0,2,16,1
01-06-2017 16:30,0,0.0,-0.2,975,61,12.9,0.0,0.0,40,0,0,465,0.0,2,16,1
01-06-2017 16:45,0,0.0,-0.2,975,61,12.9,0.0,0.0,40,0,0,465,0.0,2,16,1
01-06-2017 17:00,0,0.0,0.1,977,60,12.3,0.0,0.0,45,0,0,465,0.0,2,17,1
01-06-2017 17:15,0,0.0,0.1,977,60,12.3,0.0,0.0,45,0,0,465,0.0,2,17,1
01-06-2017 17:30,0,0.0,0.1,977,60,12.3,0.0,0.0,45,0,0,465,0.0,2,17,1
01-06-2017 17:45,0,0.0,0.1,977,60,12.3,0.0,0.0,45,0,0,465,0.0,2,17,1
01-06-2017 18:00,0,0.0,-0.5,978,61,11.5,0.0,0.0,34,0,0,465,0.0,2,18,1
01-06-2017 18:15,0,0.0,-0.5,978,61,11.5,0.0,0.0,34,0,0,465,0.0,2,18,1
01-06-2017 18:30,0,0.0,-0.5,978,61,11.5,0.0,0.0,34,0,0,465,0.0,2,18,1
01-06-2017 18:45,0,0.0,-0.5,978,61,11.5,0.0,0.0,34,0,0,465,0.0,2,18,1
01-06-2017 19:00,0,0.0,-1.3,980,60,10.9,0.0,0.0,16,0,0,465,0.0,2,19,1
01-06-2017 19:15,0,0.0,-1.3,980,60,10.9,0.0,0.0,16,0,0,465,0.0,2,19,1
01-06-2017 19:30,0,0.0,-1.3,980,60,10.9,0.0,0.0,16,0,0,465,0.0,2,19,1
01-06-2017 19:45,0,0.0,-1.3,980,60,10.9,0.0,0.0,16,0,0,465,0.0,2,19,1
01-06-2017 20:00,0,0.0,-0.8,981,62,10.6,0.0,0.0,38,0,0,465,0.0,2,20,1
01-06-2017 20:15,0,0.0,-0.8,981,62,10.6,0.0,0.0,38,0,0,465,0.0,2,20,1
01-06-2017 20:30,0,0.0,-0.8,981,62,10.6,0.0,0.0,38,0,0,465,0.0,2,20,1
01-06-2017 20:45,0,0.0,-0.8,981,62,10.6,0.0,0.0,38,0,0,465,0.0,2,20,1
01-06-2017 21:00,0,0.0,-1.8,983,62,10.4,0.0,0.0,48,0,0,465,0.0,3,21,1
01-06-2017 21:15,0,0.0,-1.8,983,62,10.4,0.0,0.0,48,0,0,465,0.0,3,21,1
01-06-2017 21:30,0,0.0,-1.8,983,62,10.4,0.0,0.0,48,0,0,465,0.0,3,21,1
01-06-2017 21:45,0,0.0,-1.8,983,62,10.4,0.0,0.0,48,0,0,465,0.0,3,21,1
01-06-2017 22:00,0,0.0,-1.7,984,61,10.4,0.0,0.0,49,0,0,465,0.0,3,22,1
01-06-2017 22:15,0,0.0,-1.7,984,61,10.4,0.0,0.0,49,0,0,465,0.0,3,22,1
01-06-2017 22:30,0,0.0,-1.7,984,61,10.4,0.0,0.0,49,0,0,465,0.0,3,22,1
01-06-2017 22:45,0,0.0,-1.7,984,61,10.4,0.0,0.0,49,0,0,465,0.0,3,22,1
01-06-2017 23:00,0,0.0,-1.8,986,61,10.1,0.0,0.0,52,0,0,465,0.0,3,23,1
01-06-2017 23:15,0,0.0,-1.8,986,61,10.1,0.0,0.0,52,0,0,465,0.0,3,23,1
01-06-2017 23:30,0,0.0,-1.8,986,61,10.1,0.0,0.0,52,0,0,465,0.0,3,23,1
01-06-2017 23:45,0,0.0,-1.8,986,61,10.1,0.0,0.0,52,0,0,465,0.0,3,23,1
01-07-2017 00:00,0,0.0,0.6,960,63,14.8,0.0,1.68,42,0,0,465,0.0,4,0,1
01-07-2017 00:15,0,0.0,0.6,960,63,14.8,0.0,1.68,42,0,0,465,0.0,4,0,1
01-07-2017 00:30,0,0.0,0.6,960,63,14.8,0.0,1.68,42,0,0,465,0.0,4,0,1
01-07-2017 00:45,0,0.0,0.6,960,63,14.8,0.0,1.68,42,0,0,465,0.0,4,0,1
01-07-2017 01:00,0,0.0,1.6,960,61,17.3,1.24,0.0,42,0,0,465,0.0,4,1,1
01-07-2017 01:15,0,0.0,1.6,960,61,17.3,1.24,0.0,42,0,0,465,0.0,4,1,1
01-07-2017 01:30,0,0.0,1.6,960,61,17.3,1.24,0.0,42,0,0,465,0.0,4,1,1
01-07-2017 01:45,0,0.0,1.6,960,61,17.3,1.24,0.0,42,0,0,465,0.0,4,1,1
01-07-2017 02:00,0,0.0,1.8,959,59,16.7,0.58,0.0,23,0,0,465,0.0,4,2,1
01-07-2017 02:15,0,0.0,1.8,959,59,16.7,0.58,0.0,23,0,0,465,0.0,4,2,1
01-07-2017 02:30,0,0.0,1.8,959,59,16.7,0.58,0.0,23,0,0,465,0.0,4,2,1
01-07-2017 02:45,0,0.0,1.8,959,59,16.7,0.58,0.0,23,0,0,465,0.0,4,2,1
01-07-2017 03:00,0,0.0,1.3,959,55,16.9,0.0,0.0,6,0,0,465,0.0,1,3,1
01-07-2017 03:15,0,0.0,1.3,959,55,16.9,0.0,0.0,6,0,0,465,0.0,1,3,1
01-07-2017 03:30,0,0.0,1.3,959,55,16.9,0.0,0.0,6,0,0,465,0.0,1,3,1
01-07-2017 03:45,0,0.0,1.3,959,55,16.9,0.0,0.0,6,0,0,465,0.0,1,3,1
01-07-2017 04:00,0,0.0,1.4,958,53,16.5,0.0,0.0,2,0,0,465,0.0,1,4,1
01-07-2017 04:15,0,0.0,1.4,958,53,16.5,0.0,0.0,2,0,0,465,0.0,1,4,1
01-07-2017 04:30,0,0.0,1.4,958,53,16.5,0.0,0.0,2,0,0,465,0.0,1,4,1
01-07-2017 04:45,0,0.0,1.4,958,53,16.5,0.0,0.0,2,0,0,465,0.0,1,4,1
01-07-2017 05:00,0,0.0,1.9,957,55,16.7,0.0,0.0,28,0,0,465,0.0,2,5,1
01-07-2017 05:15,0,0.0,1.9,957,55,16.7,0.0,0.0,28,0,0,465,0.0,2,5,1
01-07-2017 05:30,0,0.0,1.9,957,55,16.7,0.0,0.0,28,0,0,465,0.0,2,5,1
01-07-2017 05:45,0,0.0,1.9,957,55,16.7,0.0,0.0,28,0,0,465,0.0,2,5,1
01-07-2017 06:00,0,0.0,2.0,956,55,17.9,0.19,0.0,32,0,0,465,0.0,4,6,1
01-07-2017 06:15,0,0.0,2.0,956,55,17.9,0.19,0.0,32,0,0,465,0.0,4,6,1
01-07-2017 06:30,0,0.0,2.0,956,55,17.9,0.19,0.0,32,0,0,465,0.0,4,6,1
01-07-2017 06:45,0,0.0,2.0,956,55,17.9,0.19,0.0,32,0,0,465,0.0,4,6,1
01-07-2017 07:00,0,0.0,1.2,955,58,18.1,0.3,0.0,20,0,0,465,0.0,4,7,1
01-07-2017 07:15,0,0.6,1.2,955,58,18.1,0.3,0.0,20,0,0,465,0.0,4,7,1
01-07-2017 07:30,0,5.4,1.2,955,58,18.1,0.3,0.0,20,0,0,465,0.0,4,7,1
01-07-2017 07:45,0,12.2,1.2,955,58,18.1,0.3,0.0,20,0,0,465,0.0,4,7,1
01-07-2017 08:00,63,20.3,0.9,955,58,17.9,0.0,0.14,34,0,0,465,0.0,4,8,1
01-07-2017 08:15,147,29.2,0.9,955,58,17.9,0.0,0.14,34,0,0,465,0.0,4,8,1
01-07-2017 08:30,207,37.5,0.9,955,58,17.9,0.0,0.14,34,0,0,465,0.0,4,8,1
01-07-2017 08:45,900,17.9,0.9,955,58,17.9,0.0,0.14,34,0,0,465,0.0,4,8,1
01-07-2017 09:00,303,6.6,1.3,955,59,17.9,0.41,0.0,42,0,0,465,0.0,4,9,1
01-07-2017 09:15,444,7.2,1.3,955,59,17.9,0.41,0.0,42,0,0,465,0.0,4,9,1
01-07-2017 09:30,996,8.1,1.3,955,59,17.9,0.41,0.0,42,0,0,465,0.0,4,9,1
01-07-2017 09:45,348,8.7,1.3,955,59,17.9,0.41,0.0,42,0,0,465,0.0,4,9,1
01-07-2017 10:00,87,9.8,1.8,956,58,17.5,0.19,0.0,27,0,0,465,0.0,4,10,1
01-07-2017 10:15,204,25.3,1.8,956,58,17.5,0.19,0.0,27,0,0,465,0.0,4,10,1
01-07-2017 10:30,1320,17.2,1.8,956,58,17.5,0.19,0.0,27,0,0,465,0.0,4,10,1
01-07-2017 10:45,1047,12.9,1.8,956,58,17.5,0.19,0.0,27,0,0,465,0.0,4,10,1
01-07-2017 11:00,825,26.4,1.9,956,55,19.1,0.71,0.0,35,0,0,465,0.0,4,11,1
01-07-2017 11:15,1374,17.0,1.9,956,55,19.1,0.71,0.0,35,0,0,465,0.0,4,11,1
01-07-2017 11:30,669,10.0,1.9,956,55,19.1,0.71,0.0,35,0,0,465,0.0,4,11,1
01-07-2017 11:45,735,9.6,1.9,956,55,19.1,0.71,0.0,35,0,0,465,0.0,4,11,1
01-07-2017 12:00,486,9.6,0.8,957,56,19.7,0.0,0.36,42,0,0,465,0.0,4,12,1
01-07-2017 12:15,360,18.5,0.8,957,56,19.7,0.0,0.36,42,0,0,465,0.0,4,12,1
01-07-2017 12:30,330,26.9,0.8,957,56,19.7,0.0,0.36,42,0,0,465,0.0,4,12,1
01-07-2017 12:45,126,28.2,0.8,957,56,19.7,0.0,0.36,42,0,0,465,0.0,4,12,1
01-07-2017 13:00,174,41.7,0.8,959,57,17.9,0.0,0.22,42,0,0,465,0.0,4,13,1
01-07-2017 13:15,135,44.7,0.8,959,57,17.9,0.0,0.22,42,0,0,465,0.0,4,13,1
01-07-2017 13:30,111,28.6,0.8,959,57,17.9,0.0,0.22,42,0,0,465,0.0,4,13,1
01-07-2017 13:45,294,19.8,0.8,959,57,17.9,0.0,0.22,42,0,0,465,0.0,4,13,1
01-07-2017 14:00,138,17.9,0.2,960,57,17.5,0.0,0.41,42,0,0,465,0.0,4,14,1
01-07-2017 14:15,21,10.7,0.2,960,57,17.5,0.0,0.41,42,0,0,465,0.0,4,14,1
01-07-2017 14:30,0,3.1,0.2,960,57,17.5,0.0,0.41,42,0,0,465,0.0,4,14,1
01-07-2017 14:45,0,0.0,0.2,960,57,17.5,0.0,0.41,42,0,0,465,0.0,4,14,1
01-07-2017 15:00,0,0.0,-0.3,962,55,17.1,0.0,0.24,24,0,0,465,0.0,4,15,1
01-07-2017 15:15,0,0.0,-0.3,962,55,17.1,0.0,0.24,24,0,0,465,0.0,4,15,1
01-07-2017 15:30,0,0.0,-0.3,962,55,17.1,0.0,0.24,24,0,0,465,0.0,4,15,1
01-07-2017 15:45,0,0.0,-0.3,962,55,17.1,0.0,0.24,24,0,0,465,0.0,4,15,1
01-07-2017 16:00,0,0.0,-0.5,964,53,16.2,0.0,0.0,30,0,0,465,0.0,2,16,1
01-07-2017 16:15,0,0.0,-0.5,964,53,16.2,0.0,0.0,30,0,0,465,0.0,2,16,1
01-07-2017 16:30,0,0.0,-0.5,964,53,16.2,0.0,0.0,30,0,0,465,0.0,2,16,1
01-07-2017 16:45,0,0.0,-0.5,964,53,16.2,0.0,0.0,30,0,0,465,0.0,2,16,1
01-07-2017 17:00,0,0.0,-0.2,966,53,15.4,0.0,0.0,33,0,0,465,0.0,2,17,1
01-07-2017 17:15,0,0.0,-0.2,966,53,15.4,0.0,0.0,33,0,0,465,0.0,2,17,1
01-07-2017 17:30,0,0.0,-0.2,966,53,15.4,0.0,0.0,33,0,0,465,0.0,2,17,1
01-07-2017 17:45,0,0.0,-0.2,966,53,15.4,0.0,0.0,33,0,0,465,0.0,2,17,1
01-07-2017 18:00,0,0.0,-0.8,967,53,14.4,0.0,0.0,26,0,0,465,0.0,2,18,1
01-07-2017 18:15,0,0.0,-0.8,967,53,14.4,0.0,0.0,26,0,0,465,0.0,2,18,1
01-07-2017 18:30,0,0.0,-0.8,967,53,14.4,0.0,0.0,26,0,0,465,0.0,2,18,1
01-07-2017 18:45,0,0.0,-0.8,967,53,14.4,0.0,0.0,26,0,0,465,0.0,2,18,1
01-07-2017 19:00,0,0.0,-1.6,969,53,13.6,0.0,0.0,12,0,0,465,0.0,1,19,1
01-07-2017 19:15,0,0.0,-1.6,969,53,13.6,0.0,0.0,12,0,0,465,0.0,1,19,1
01-07-2017 19:30,0,0.0,-1.6,969,53,13.6,0.0,0.0,12,0,0,465,0.0,1,19,1
01-07-2017 19:45,0,0.0,-1.6,969,53,13.6,0.0,0.0,12,0,0,465,0.0,1,19,1
01-07-2017 20:00,0,0.0,-1.1,970,54,13.2,0.0,0.0,29,0,0,465,0.0,2,20,1
01-07-2017 20:15,0,0.0,-1.1,970,54,13.2,0.0,0.0,29,0,0,465,0.0,2,20,1
01-07-2017 20:30,0,0.0,-1.1,970,54,13.2,0.0,0.0,29,0,0,465,0.0,2,20,1
01-07-2017 20:45,0,0.0,-1.1,970,54,13.2,0.0,0.0,29,0,0,465,0.0,2,20,1
01-07-2017 21:00,0,0.0,-2.1,972,55,13.0,0.0,0.0,36,0,0,465,0.0,3,21,1
01-07-2017 21:15,0,0.0,-2.1,972,55,13.0,0.0,0.0,36,0,0,465,0.0,3,21,1
01-07-2017 21:30,0,0.0,-2.1,972,55,13.0,0.0,0.0,36,0,0,465,0.0,3,21,1
01-07-2017 21:45,0,0.0,-2.1,972,55,13.0,0.0,0.0,36,0,0,465,0.0,3,21,1
01-07-2017 22:00,0,0.0,-2.0,973,53,13.0,0.0,0.0,37,0,0,465,0.0,3,22,1
01-07-2017 22:15,0,0.0,-2.0,973,53,13.0,0.0,0.0,37,0,0,465,0.0,3,22,1
01-07-2017 22:30,0,0.0,-2.0,973,53,13.0,0.0,0.0,37,0,0,465,0.0,3,22,1
01-07-2017 22:45,0,0.0,-2.0,973,53,13.0,0.0,0.0,37,0,0,465,0.0,3,22,1
01-07-2017 23:00,0,0.0,-2.1,975,53,12.6,0.0,0.0,39,0,0,465,0.0,3,23,1
01-07-2017 23:15,0,0.0,-2.1,975,53,12.6,0.0,0.0,39,0,0,465,0.0,3,23,1
01-07-2017 23:30,0,0.0,-2.1,975,53,12.6,0.0,0.0,39,0,0,465,0.0,3,23,1
01-07-2017 23:45,0,0.0,-2.1,975,53,12.6,0.0,0.0,39,0,0,465,0.0,3,23,1
01-08-2017 00:00,0,0.0,0.4,948,55,18.5,0.0,1.68,32,0,0,465,0.0,3,0,1
01-08-2017 00:15,0,0.0,0.4,948,55,18.5,0.0,1.68,32,0,0,465,0.0,3,0,1
01-08-2017 00:30,0,0.0,0.4,948,55,18.5,0.0,1.68,32,0,0,465,0.0,3,0,1
01-08-2017 00:45,0,0.0,0.4,948,55,18.5,0.0,1.68,32,0,0,465,0.0,3,0,1
01-08-2017 01:00,0,0.0,1.4,948,53,21.6,1.24,0.0,32,0,0,465,0.0,3,1,1
01-08-2017 01:15,0,0.0,1.4,948,53,21.6,1.24,0.0,32,0,0,465,0.0,3,1,1
01-08-2017 01:30,0,0.0,1.4,948,53,21.6,1.24,0.0,32,0,0,465,0.0,3,1,1
01-08-2017 01:45,0,0.0,1.4,948,53,21.6,1.24,0.0,32,0,0,465,0.0,3,1,1
01-08-2017 02:00,0,0.0,1.6,947,51,20.9,0.58,0.0,18,0,0,465,0.0,3,2,1
01-08-2017 02:15,0,0.0,1.6,947,51,20.9,0.58,0.0,18,0,0,465,0.0,3,2,1
01-08-2017 02:30,0,0.0,1.6,947,51,20.9,0.58,0.0,18,0,0,465,0.0,3,2,1
01-08-2017 02:45,0,0.0,1.6,947,51,20.9,0.58,0.0,18,0,0,465,0.0,3,2,1
01-08-2017 03:00,0,0.0,1.1,947,48,21.1,0.0,0.0,4,0,0,465,0.0,1,3,1
01-08-2017 03:15,0,0.0,1.1,947,48,21.1,0.0,0.0,4,0,0,465,0.0,1,3,1
01-08-2017 03:30,0,0.0,1.1,947,48,21.1,0.0,0.0,4,0,0,465,0.0,1,3,1
01-08-2017 03:45,0,0.0,1.1,947,48,21.1,0.0,0.0,4,0,0,465,0.0,1,3,1
01-08-2017 04:00,0,0.0,1.2,946,46,20.6,0.0,0.0,1,0,0,465,0.0,1,4,1
01-08-2017 04:15,0,0.0,1.2,946,46,20.6,0.0,0.0,1,0,0,465,0.0,1,4,1
01-08-2017 04:30,0,0.0,1.2,946,46,20.6,0.0,0.0,1,0,0,465,0.0,1,4,1
01-08-2017 04:45,0,0.0,1.2,946,46,20.6,0.0,0.0,1,0,0,465,0.0,1,4,1
01-08-2017 05:00,0,0.0,1.7,945,48,20.9,0.0,0.0,21,0,0,465,0.0,2,5,1
01-08-2017 05:15,0,0.0,1.7,945,48,20.9,0.0,0.0,21,0,0,465,0.0,2,5,1
01-08-2017 05:30,0,0.0,1.7,945,48,20.9,0.0,0.0,21,0,0,465,0.0,2,5,1
01-08-2017 05:45,0,0.0,1.7,945,48,20.9,0.0,0.0,21,0,0,465,0.0,2,5,1
01-08-2017 06:00,0,0.0,1.8,944,48,22.3,0.19,0.0,24,0,0,465,0.0,3,6,1
01-08-2017 06:15,0,0.0,1.8,944,48,22.3,0.19,0.0,24,0,0,465,0.0,3,6,1
01-08-2017 06:30,0,0.0,1.8,944,48,22.3,0.19,0.0,24,0,0,465,0.0,3,6,1
01-08-2017 06:45,0,0.0,1.8,944,48,22.3,0.19,0.0,24,0,0,465,0.0,3,6,1
01-08-2017 07:00,0,0.0,1.0,943,51,22.6,0.3,0.0,15,0,0,465,0.0,3,7,1
01-08-2017 07:15,0,0.7,1.0,943,51,22.6,0.3,0.0,15,0,0,465,0.0,3,7,1
01-08-2017 07:30,0,6.6,1.0,943,51,22.6,0.3,0.0,15,0,0,465,0.0,3,7,1
01-08-2017 07:45,0,14.9,1.0,943,51,22.6,0.3,0.0,15,0,0,465,0.0,3,7,1
01-08-2017 08:00,63,24.9,0.7,943,51,22.3,0.0,0.14,26,0,0,465,0.0,3,8,1
01-08-2017 08:15,147,35.8,0.7,943,51,22.3,0.0,0.14,26,0,0,465,0.0,3,8,1
01-08-2017 08:30,207,46.0,0.7,943,51,22.3,0.0,0.14,26,0,0,465,0.0,3,8,1
01-08-2017 08:45,900,22.0,0.7,943,51,22.3,0.0,0.14,26,0,0,465,0.0,3,8,1
01-08-2017 09:00,303,8.2,1.1,943,51,22.3,0.41,0.0,32,0,0,465,0.0,3,9,1
01-08-2017 09:15,444,8.8,1.1,943,51,22.3,0.41,0.0,32,0,0,465,0.0,3,9,1
01-08-2017 09:30,996,10.0,1.1,943,51,22.3,0.41,0.0,32,0,0,465,0.0,3,9,1
01-08-2017 09:45,348,10.6,1.1,943,51,22.3,0.41,0.0,32,0,0,465,0.0,3,9,1
01-08-2017 10:00,87,12.0,1.6,944,51,21.9,0.19,0.0,20,0,0,465,0.0,3,10,1
01-08-2017 10:15,204,31.0,1.6,944,51,21.9,0.19,0.0,20,0,0,465,0.0,3,10,1
01-08-2017 10:30,1320,21.1,1.6,944,51,21.9,0.19,0.0,20,0,0,465,0.0,3,10,1
01-08-2017 10:45,1047,15.8,1.6,944,51,21.9,0.19,0.0,20,0,0,465,0.0,3,10,1
01-08-2017 11:00,825,32.4,1.7,944,48,23.8,0.71,0.0,26,0,0,465,0.0,3,11,1
01-08-2017 11:15,1374,20.8,1.7,944,48,23.8,0.71,0.0,26,0,0,465,0.0,3,11,1
01-08-2017 11:30,669,12.2,1.7,944,48,23.8,0.71,0.0,26,0,0,465,0.0,3,11,1
01-08-2017 11:45,735,11.8,1.7,944,48,23.8,0.71,0.0,26,0,0,465,0.0,3,11,1
01-08-2017 12:00,486,11.8,0.6,945,49,24.5,0.0,0.36,32,0,0,465,0.0,3,12,1
01-08-2017 12:15,360,22.6,0.6,945,49,24.5,0.0,0.36,32,0,0,465,0.0,3,12,1
01-08-2017 12:30,330,33.1,0.6,945,49,24.5,0.0,0.36,32,0,0,465,0.0,3,12,1
01-08-2017 12:45,126,34.6,0.6,945,49,24.5,0.0,0.36,32,0,0,465,0.0,3,12,1
01-08-2017 13:00,174,51.2,0.6,947,49,22.3,0.0,0.22,32,0,0,465,0.0,3,13,1
01-08-2017 13:15,135,54.8,0.6,947,49,22.3,0.0,0.22,32,0,0,465,0.0,3,13,1
01-08-2017 13:30,111,35.1,0.6,947,49,22.3,0.0,0.22,32,0,0,465,0.0,3,13,1
01-08-2017 13:45,294,24.2,0.6,947,49,22.3,0.0,0.22,32,0,0,465,0.0,3,13,1
01-08-2017 14:00,138,22.0,-0.0,948,50,21.9,0.0,0.41,32,0,0,465,0.0,3,14,1
01-08-2017 14:15,21,13.1,-0.0,948,50,21.9,0.0,0.41,32,0,0,465,0.0,3,14,1
01-08-2017 14:30,0,3.8,-0.0,948,50,21.9,0.0,0.41,32,0,0,465,0.0,3,14,1
01-08-2017 14:45,0,0.0,-0.0,948,50,21.9,0.0,0.41,32,0,0,465,0.0,3,14,1
01-08-2017 15:00,0,0.0,-0.5,950,48,21.4,0.0,0.24,18,0,0,465,0.0,3,15,1
01-08-2017 15:15,0,0.0,-0.5,950,48,21.4,0.0,0.24,18,0,0,465,0.0,3,15,1
01-08-2017 15:30,0,0.0,-0.5,950,48,21.4,0.0,0.24,18,0,0,465,0.0,3,15,1
01-08-2017 15:45,0,0.0,-0.5,950,48,21.4,0.0,0.24,18,0,0,465,0.0,3,15,1
01-08-2017 16:00,0,0.0,-0.7,952,46,20.2,0.0,0.0,23,0,0,465,0.0,2,16,1
01-08-2017 16:15,0,0.0,-0.7,952,46,20.2,0.0,0.0,23,0,0,465,0.0,2,16,1
01-08-2017 16:30,0,0.0,-0.7,952,46,20.2,0.0,0.0,23,0,0,465,0.0,2,16,1
01-08-2017 16:45,0,0.0,-0.7,952,46,20.2,0.0,0.0,23,0,0,465,0.0,2,16,1
01-08-2017 17:00,0,0.0,-0.4,954,46,19.2,0.0,0.0,25,0,0,465,0.0,2,17,1
01-08-2017 17:15,0,0.0,-0.4,954,46,19.2,0.0,0.0,25,0,0,465,0.0,2,17,1
01-08-2017 17:30,0,0.0,-0.4,954,46,19.2,0.0,0.0,25,0,0,465,0.0,2,17,1
01-08-2017 17:45,0,0.0,-0.4,954,46,19.2,0.0,0.0,25,0,0,465,0.0,2,17,1
01-08-2017 18:00,0,0.0,-1.0,955,46,18.0,0.0,0.0,19,0,0,465,0.0,2,18,1
01-08-2017 18:15,0,0.0,-1.0,955,46,18.0,0.0,0.0,19,0,0,465,0.0,2,18,1
01-08-2017 18:30,0,0.0,-1.0,955,46,18.0,0.0,0.0,19,0,0,465,0.0,2,18,1
01-08-2017 18:45,0,0.0,-1.0,955,46,18.0,0.0,0.0,19,0,0,465,0.0,2,18,1
01-08-2017 19:00,0,0.0,-1.8,957,46,17.0,0.0,0.0,9,0,0,465,0.0,1,19,1
01-08-2017 19:15,0,0.0,-1.8,957,46,17.0,0.0,0.0,9,0,0,465,0.0,1,19,1
01-08-2017 19:30,0,0.0,-1.8,957,46,17.0,0.0,0.0,9,0,0,465,0.0,1,19,1
01-08-2017 19:45,0,0.0,-1.8,957,46,17.0,0.0,0.0,9,0,0,465,0.0,1,19,1
01-08-2017 20:00,0,0.0,-1.3,958,47,16.5,0.0,0.0,22,0,0,465,0.0,2,20,1
01-08-2017 20:15,0,0.0,-1.3,958,47,16.5,0.0,0.0,22,0,0,465,0.0,2,20,1
01-08-2017 20:30,0,0.0,-1.3,958,47,16.5,0.0,0.0,22,0,0,465,0.0,2,20,1
01-08-2017 20:45,0,0.0,-1.3,958,47,16.5,0.0,0.0,22,0,0,465,0.0,2,20,1
01-08-2017 21:00,0,0.0,-2.3,960,48,16.3,0.0,0.0,27,0,0,465,0.0,3,21,1
01-08-2017 21:15,0,0.0,-2.3,960,48,16.3,0.0,0.0,27,0,0,465,0.0,3,21,1
01-08-2017 21:30,0,0.0,-2.3,960,48,16.3,0.0,0.0,27,0,0,465,0.0,3,21,1
01-08-2017 21:45,0,0.0,-2.3,960,48,16.3,0.0,0.0,27,0,0,465,0.0,3,21,1
01-08-2017 22:00,0,0.0,-2.2,961,46,16.3,0.0,0.0,28,0,0,465,0.0,3,22,1
01-08-2017 22:15,0,0.0,-2.2,961,46,16.3,0.0,0.0,28,0,0,465,0.0,3,22,1
01-08-2017 22:30,0,0.0,-2.2,961,46,16.3,0.0,0.0,28,0,0,465,0.0,3,22,1
01-08-2017 22:45,0,0.0,-2.2,961,46,16.3,0.0,0.0,28,0,0,465,0.0,3,22,1
01-08-2017 23:00,0,0.0,-2.3,963,46,15.8,0.0,0.0,30,0,0,465,0.0,3,23,1
01-08-2017 23:15,0,0.0,-2.3,963,46,15.8,0.0,0.0,30,0,0,465,0.0,3,23,1
01-08-2017 23:30,0,0.0,-2.3,963,46,15.8,0.0,0.0,30,0,0,465,0.0,3,23,1
01-08-2017 23:45,0,0.0,-2.3,963,46,15.8,0.0,0.0,30,0,0,465,0.0,3,23,1
01-09-2017 00:00,0,0.0,0.1,936,48,22.8,0.0,1.68,30,0,0,465,0.0,3,0,1
01-09-2017 00:15,0,0.0,0.1,936,48,22.8,0.0,1.68,30,0,0,465,0.0,3,0,1
01-09-2017 00:30,0,0.0,0.1,936,48,22.8,0.0,1.68,30,0,0,465,0.0,3,0,1
01-09-2017 00:45,0,0.0,0.1,936,48,22.8,0.0,1.68,30,0,0,465,0.0,3,0,1
01-09-2017 01:00,0,0.0,1.1,936,47,26.7,1.24,0.0,30,0,0,465,0.0,3,1,1
01-09-2017 01:15,0,0.0,1.1,936,47,26.7,1.24,0.0,30,0,0,465,0.0,3,1,1
01-09-2017 01:30,0,0.0,1.1,936,47,26.7,1.24,0.0,30,0,0,465,0.0,3,1,1
01-09-2017 01:45,0,0.0,1.1,936,47,26.7,1.24,0.0,30,0,0,465,0.0,3,1,1
01-09-2017 02:00,0,0.0,1.3,935,45,25.8,0.58,0.0,16,0,0,465,0.0,3,2,1
01-09-2017 02:15,0,0.0,1.3,935,45,25.8,0.58,0.0,16,0,0,465,0.0,3,2,1
01-09-2017 02:30,0,0.0,1.3,935,45,25.8,0.58,0.0,16,0,0,465,0.0,3,2,1
01-09-2017 02:45,0,0.0,1.3,935,45,25.8,0.58,0.0,16,0,0,465,0.0,3,2,1
01-09-2017 03:00,0,0.0,0.8,935,42,26.1,0.0,0.0,4,0,0,465,0.0,1,3,1
01-09-2017 03:15,0,0.0,0.8,935,42,26.1,0.0,0.0,4,0,0,465,0.0,1,3,1
01-09-2017 03:30,0,0.0,0.8,935,42,26.1,0.0,0.0,4,0,0,465,0.0,1,3,1
01-09-2017 03:45,0,0.0,0.8,935,42,26.1,0.0,0.0,4,0,0,465,0.0,1,3,1
01-09-2017 04:00,0,0.0,0.9,934,41,25.5,0.0,0.0,1,0,0,465,0.0,1,4,1
01-09-2017 04:15,0,0.0,0.9,934,41,25.5,0.0,0.0,1,0,0,465,0.0,1,4,1
01-09-2017 04:30,0,0.0,0.9,934,41,25.5,0.0,0.0,1,0,0,465,0.0,1,4,1
01-09-2017 04:45,0,0.0,0.9,934,41,25.5,0.0,0.0,1,0,0,465,0.0,1,4,1
01-09-2017 05:00,0,0.0,1.4,933,42,25.8,0.0,0.0,20,0,0,465,0.0,2,5,1
01-09-2017 05:15,0,0.0,1.4,933,42,25.8,0.0,0.0,20,0,0,465,0.0,2,5,1
01-09-2017 05:30,0,0.0,1.4,933,42,25.8,0.0,0.0,20,0,0,465,0.0,2,5,1
01-09-2017 05:45,0,0.0,1.4,933,42,25.8,0.0,0.0,20,0,0,465,0.0,2,5,1
01-09-2017 06:00,0,0.0,1.5,932,42,27.6,0.19,0.0,22,0,0,465,0.0,3,6,1
01-09-2017 06:15,0,0.0,1.5,932,42,27.6,0.19,0.0,22,0,0,465,0.0,3,6,1
01-09-2017 06:30,0,0.0,1.5,932,42,27.6,0.19,0.0,22,0,0,465,0.0,3,6,1
01-09-2017 06:45,0,0.0,1.5,932,42,27.6,0.19,0.0,22,0,0,465,0.0,3,6,1
01-09-2017 07:00,0,0.0,0.7,931,44,27.9,0.3,0.0,14,0,0,465,0.0,3,7,1
01-09-2017 07:15,0,0.8,0.7,931,44,27.9,0.3,0.0,14,0,0,465,0.0,3,7,1
01-09-2017 07:30,0,8.1,0.7,931,44,27.9,0.3,0.0,14,0,0,465,0.0,3,7,1
01-09-2017 07:45,0,18.3,0.7,931,44,27.9,0.3,0.0,14,0,0,465,0.0,3,7,1
01-09-2017 08:00,63,30.6,0.4,931,44,27.6,0.0,0.14,24,0,0,465,0.0,3,8,1
01-09-2017 08:15,147,43.9,0.4,931,44,27.6,0.0,0.14,24,0,0,465,0.0,3,8,1
01-09-2017 08:30,207,56.4,0.4,931,44,27.6,0.0,0.14,24,0,0,465,0.0,3,8,1
01-09-2017 08:45,900,26.9,0.4,931,44,27.6,0.0,0.14,24,0,0,465,0.0,3,8,1
01-09-2017 09:00,303,10.0,0.8,931,45,27.6,0.41,0.0,30,0,0,465,0.0,3,9,1
01-09-2017 09:15,444,10.8,0.8,931,45,27.6,0.41,0.0,30,0,0,465,0.0,3,9,1
01-09-2017 09:30,996,12.2,0.8,931,45,27.6,0.41,0.0,30,0,0,465,0.0,3,9,1
01-09-2017 09:45,348,13.1,0.8,931,45,27.6,0.41,0.0,30,0,0,465,0.0,3,9,1
01-09-2017 10:00,87,14.7,1.3,932,44,27.0,0.19,0.0,19,0,0,465,0.0,3,10,1
01-09-2017 10:15,204,38.1,1.3,932,44,27.0,0.19,0.0,19,0,0,465,0.0,3,10,1
01-09-2017 10:30,1320,25.8,1.3,932,44,27.0,0.19,0.0,19,0,0,465,0.0,3,10,1
01-09-2017 10:45,1047,19.4,1.3,932,44,27.0,0.19,0.0,19,0,0,465,0.0,3,10,1
01-09-2017 11:00,825,39.7,1.4,932,42,29.4,0.71,0.0,25,0,0,465,0.0,3,11,1
01-09-2017 11:15,1374,25.6,1.4,932,42,29.4,0.71,0.0,25,0,0,465,0.0,3,11,1
01-09-2017 11:30,669,15.0,1.4,932,42,29.4,0.71,0.0,25,0,0,465,0.0,3,11,1
01-09-2017 11:45,735,14.4,1.4,932,42,29.4,0.71,0.0,25,0,0,465,0.0,3,11,1
01-09-2017 12:00,486,14.4,0.3,933,43,30.3,0.0,0.36,30,0,0,465,0.0,3,12,1
01-09-2017 12:15,360,27.8,0.3,933,43,30.3,0.0,0.36,30,0,0,465,0.0,3,12,1
01-09-2017 12:30,330,40.6,0.3,933,43,30.3,0.0,0.36,30,0,0,465,0.0,3,12,1
01-09-2017 12:45,126,42.5,0.3,933,43,30.3,0.0,0.36,30,0,0,465,0.0,3,12,1
01-09-2017 13:00,174,62.8,0.3,935,43,27.6,0.0,0.22,30,0,0,465,0.0,3,13,1
01-09-2017 13:15,135,67.2,0.3,935,43,27.6,0.0,0.22,30,0,0,465,0.0,3,13,1
01-09-2017 13:30,111,43.1,0.3,935,43,27.6,0.0,0.22,30,0,0,465,0.0,3,13,1
01-09-2017 13:45,294,29.7,0.3,935,43,27.6,0.0,0.22,30,0,0,465,0.0,3,13,1
01-09-2017 14:00,138,26.9,-0.3,936,44,27.0,0.0,0.41,30,0,0,465,0.0,3,14,1
01-09-2017 14:15,21,16.1,-0.3,936,44,27.0,0.0,0.41,30,0,0,465,0.0,3,14,1
01-09-2017 14:30,0,4.7,-0.3,936,44,27.0,0.0,0.41,30,0,0,465,0.0,3,14,1
01-09-2017 14:45,0,0.0,-0.3,936,44,27.0,0.0,0.41,30,0,0,465,0.0,3,14,1
01-09-2017 15:00,0,0.0,-0.8,938,42,26.4,0.0,0.24,17,0,0,465,0.0,3,15,1
01-09-2017 15:15,0,0.0,-0.8,938,42,26.4,0.0,0.24,17,0,0,465,0.0,3,15,1
01-09-2017 15:30,0,0.0,-0.8,938,42,26.4,0.0,0.24,17,0,0,465,0.0,3,15,1
01-09-2017 15:45,0,0.0,-0.8,938,42,26.4,0.0,0.24,17,0,0,465,0.0,3,15,1
01-09-2017 16:00,0,0.0,-1.0,940,41,24.9,0.0,0.0,21,0,0,465,0.0,2,16,1
01-09-2017 16:15,0,0.0,-1.0,940,41,24.9,0.0,0.0,21,0,0,465,0.0,2,16,1
01-09-2017 16:30,0,0.0,-1.0,940,41,24.9,0.0,0.0,21,0,0,465,0.0,2,16,1
01-09-2017 16:45,0,0.0,-1.0,940,41,24.9,0.0,0.0,21,0,0,465,0.0,2,16,1
01-09-2017 17:00,0,0.0,-0.7,942,40,23.7,0.0,0.0,24,0,0,465,0.0,2,17,1
01-09-2017 17:15,0,0.0,-0.7,942,40,23.7,0.0,0.0,24,0,0,465,0.0,2,17,1
01-09-2017 17:30,0,0.0,-0.7,942,40,23.7,0.0,0.0,24,0,0,465,0.0,2,17,1
01-09-2017 17:45,0,0.0,-0.7,942,40,23.7,0.0,0.0,24,0,0,465,0.0,2,17,1
01-09-2017 18:00,0,0.0,-1.3,943,41,22.2,0.0,0.0,18,0,0,465,0.0,2,18,1
01-09-2017 18:15,0,0.0,-1.3,943,41,22.2,0.0,0.0,18,0,0,465,0.0,2,18,1
01-09-2017 18:30,0,0.0,-1.3,943,41,22.2,0.0,0.0,18,0,0,465,0.0,2,18,1
01-09-2017 18:45,0,0.0,-1.3,943,41,22.2,0.0,0.0,18,0,0,465,0.0,2,18,1
01-09-2017 19:00,0,0.0,-2.1,945,40,21.0,0.0,0.0,9,0,0,465,0.0,1,19,1
01-09-2017 19:15,0,0.0,-2.1,945,40,21.0,0.0,0.0,9,0,0,465,0.0,1,19,1
01-09-2017 19:30,0,0.0,-2.1,945,40,21.0,0.0,0.0,9,0,0,465,0.0,1,19,1
01-09-2017 19:45,0,0.0,-2.1,945,40,21.0,0.0,0.0,9,0,0,465,0.0,1,19,1
01-09-2017 20:00,0,0.0,-1.6,946,41,20.4,0.0,0.0,20,0,0,465,0.0,2,20,1
01-09-2017 20:15,0,0.0,-1.6,946,41,20.4,0.0,0.0,20,0,0,465,0.0,2,20,1
01-09-2017 20:30,0,0.0,-1.6,946,41,20.4,0.0,0.0,20,0,0,465,0.0,2,20,1
01-09-2017 20:45,0,0.0,-1.6,946,41,20.4,0.0,0.0,20,0,0,465,0.0,2,20,1
01-09-2017 21:00,0,0.0,-2.6,948,42,20.1,0.0,0.0,26,0,0,465,0.0,2,21,1
01-09-2017 21:15,0,0.0,-2.6,948,42,20.1,0.0,0.0,26,0,0,465,0.0,2,21,1
01-09-2017 21:30,0,0.0,-2.6,948,42,20.1,0.0,0.0,26,0,0,465,0.0,2,21,1
01-09-2017 21:45,0,0.0,-2.6,948,42,20.1,0.0,0.0,26,0,0,465,0.0,2,21,1
01-09-2017 22:00,0,0.0,-2.5,949,41,20.1,0.0,0.0,26,0,0,465,0.0,2,22,1
01-09-2017 22:15,0,0.0,-2.5,949,41,20.1,0.0,0.0,26,0,0,465,0.0,2,22,1
01-09-2017 22:30,0,0.0,-2.5,949,41,20.1,0.0,0.0,26,0,0,465,0.0,2,22,1
01-09-2017 22:45,0,0.0,-2.5,949,41,20.1,0.0,0.0,26,0,0,465,0.0,2,22,1
01-09-2017 23:00,0,0.0,-2.6,951,41,19.5,0.0,0.0,28,0,0,465,0.0,2,23,1
01-09-2017 23:15,0,0.0,-2.6,951,41,19.5,0.0,0.0,28,0,0,465,0.0,2,23,1
01-09-2017 23:30,0,0.0,-2.6,951,41,19.5,0.0,0.0,28,0,0,465,0.0,2,23,1
01-09-2017 23:45,0,0.0,-2.6,951,41,19.5,0.0,0.0,28,0,0,465,0.0,2,23,1
01-10-2017 08:45,207,60.9,-2.4,957,56,19.4,0.0,0.14,34,1,105,465,0.23,3,8,1
01-10-2017 09:00,900,29.1,-2.4,957,56,19.4,0.0,0.14,34,1,120,465,0.26,3,9,1
01-10-2017 09:15,303,10.8,-2.0,957,57,19.4,0.41,0.0,42,1,135,465,0.29,3,9,1
01-10-2017 09:30,444,11.7,-2.0,957,57,19.4,0.41,0.0,42,1,150,465,0.32,3,9,1
04-01-2017 14:30,2071,95.1,17.6,1014,41,2.6,0.0,0.0,22,1,615,780,0.79,2,14,4
04-01-2017 14:45,1403,85.6,17.6,1014,41,2.6,0.0,0.0,22,1,630,780,0.81,2,14,4
04-01-2017 15:00,1391,75.8,17.0,1013,42,2.5,0.0,0.0,0,1,645,780,0.83,1,15,4
04-01-2017 15:15,1177,65.8,17.0,1013,42,2.5,0.0,0.0,0,1,660,780,0.85,1,15,4
04-01-2017 15:30,917,55.7,17.0,1013,42,2.5,0.0,0.0,0,1,675,780,0.87,1,15,4
04-01-2017 15:45,645,45.6,17.0,1013,42,2.5,0.0,0.0,0,1,690,780,0.88,1,15,4
05-01-2017 10:45,3699,188.1,14.8,1013,48,8.5,0.0,0.0,96,1,450,900,0.5,3,10,5
05-01-2017 11:00,3285,183.0,15.1,1013,48,9.8,0.0,0.0,100,1,465,900,0.52,4,11,5
05-01-2017 11:15,3536,163.2,15.1,1013,48,9.8,0.0,0.0,100,1,480,900,0.53,4,11,5
05-01-2017 11:30,2469,144.9,15.1,1013,48,9.8,0.0,0.0,100,1,495,900,0.55,4,11,5
05-01-2017 11:45,1772,99.5,15.1,1013,48,9.8,0.0,0.0,100,1,510,900,0.57,4,11,5
05-01-2017 12:00,829,60.0,10.2,1013,51,10.9,0.0,0.0,100,1,525,900,0.58,5,12,5
05-02-2017 08:15,1644,99.3,10.1,1019,62,3.0,0.0,0.0,72,1,315,915,0.34,3,8,5
05-02-2017 08:30,1692,151.5,10.6,1020,61,2.4,0.0,0.0,72,1,330,915,0.36,3,8,5
05-02-2017 08:45,2058,190.8,10.6,1020,61,2.4,0.0,0.0,72,1,345,915,0.38,3,8,5
05-02-2017 09:00,1995,384.3,10.6,1020,61,2.4,0.0,0.0,72,1,360,915,0.39,3,9,5
05-02-2017 09:15,2373,289.8,10.6,1020,61,2.4,0.0,0.0,72,1,375,915,0.41,3,9,5
05-20-2017 10:45,545,49.4,14.8,1011,78,9.0,0.33,0.0,70,1,495,975,0.51,4,10,5
05-20-2017 11:00,671,70.6,14.8,1011,78,9.0,0.33,0.0,70,1,510,975,0.52,4,11,5
05-20-2017 11:15,718,61.6,14.6,1011,81,10.4,1.59,0.0,59,1,525,975,0.54,4,11,5
05-20-2017 11:30,257,27.5,14.6,1011,81,10.4,1.59,0.0,59,1,540,975,0.55,4,11,5
05-20-2017 11:45,99,14.9,14.6,1011,81,10.4,1.59,0.0,59,1,555,975,0.57,4,11,5
05-20-2017 12:00,102,30.8,14.6,1011,81,10.4,1.59,0.0,59,1,570,975,0.58,4,12,5
05-20-2017 12:15,194,42.0,15.6,1011,87,9.5,1.15,0.0,43,1,585,975,0.6,4,12,5
05-20-2017 12:30,176,34.4,15.6,1011,87,9.5,1.15,0.0,43,1,600,975,0.62,4,12,5
05-20-2017 12:45,453,57.5,15.6,1011,87,9.5,1.15,0.0,43,1,615,975,0.63,4,12,5
06-07-2017 12:45,543,69.7,18.2,998,68,10.2,0.0,0.0,100,1,630,1020,0.62,5,12,6
06-07-2017 13:00,542,58.2,15.7,999,72,11.4,0.0,0.0,100,1,645,1020,0.63,5,13,6
06-07-2017 13:15,869,73.8,15.7,999,72,11.4,0.0,0.0,100,1,660,1020,0.65,5,13,6
06-07-2017 13:30,1351,91.8,15.7,999,72,11.4,0.0,0.0,100,1,675,1020,0.66,5,13,6
06-07-2017 13:45,2137,99.1,15.7,999,72,11.4,0.0,0.0,100,1,690,1020,0.68,5,13,6
06-07-2017 14:00,1247,88.9,16.5,1000,73,10.8,0.0,0.0,100,1,705,1020,0.69,5,14,6
08-10-2017 07:30,1306,93.2,10.6,1016,78,3.6,0.0,0.0,15,1,255,915,0.28,2,7,8
08-10-2017 07:45,1640,104.2,10.6,1016,78,3.6,0.0,0.0,15,1,270,915,0.3,2,7,8
08-10-2017 08:00,1848,114.8,10.6,1016,78,3.6,0.0,0.0,15,1,285,915,0.31,2,8,8
08-10-2017 08:15,2162,124.9,10.6,1016,78,3.6,0.0,0.0,15,1,300,915,0.33,2,8,8
08-10-2017 08:30,2504,134.5,13.8,1016,71,3.7,0.0,0.0,39,1,315,915,0.34,3,8,8
08-10-2017 08:45,2702,143.5,13.8,1016,71,3.7,0.0,0.0,39,1,330,915,0.36,3,8,8
08-10-2017 09:00,2605,151.6,13.8,1016,71,3.7,0.0,0.0,39,1,345,915,0.38,3,9,8
08-10-2017 09:15,2578,150.1,13.8,1016,71,3.7,0.0,0.0,39,1,360,915,0.39,3,9,8
08-10-2017 09:30,2186,152.7,16.4,1016,64,4.3,0.0,0.0,96,1,375,915,0.41,3,9,8
08-10-2017 09:45,2943,160.4,16.4,1016,64,4.3,0.0,0.0,96,1,390,915,0.43,3,9,8
08-10-2017 10:00,3193,174.5,16.4,1016,64,4.3,0.0,0.0,96,1,405,915,0.44,3,10,8
08-10-2017 10:15,3234,182.7,16.4,1016,64,4.3,0.0,0.0,96,1,420,915,0.46,3,10,8
08-10-2017 10:30,3305,186.4,17.4,1016,58,4.6,0.0,0.0,100,1,435,915,0.48,3,10,8
08-10-2017 10:45,3348,189.4,17.4,1016,58,4.6,0.0,0.0,100,1,450,915,0.49,3,10,8
08-10-2017 11:00,3388,191.3,17.4,1016,58,4.6,0.0,0.0,100,1,465,915,0.51,3,11,8
08-10-2017 11:15,3363,192.4,17.4,1016,58,4.6,0.0,0.0,100,1,480,915,0.52,3,11,8
08-10-2017 11:30,3310,192.6,18.5,1016,53,4.7,0.0,0.0,100,1,495,915,0.54,3,11,8
08-10-2017 11:45,3275,191.9,18.5,1016,53,4.7,0.0,0.0,100,1,510,915,0.56,3,11,8
08-10-2017 12:00,3264,190.3,18.5,1016,53,4.7,0.0,0.0,100,1,525,915,0.57,3,12,8
08-10-2017 12:15,3220,187.8,18.5,1016,53,4.7,0.0,0.0,100,1,540,915,0.59,3,12,8
08-10-2017 12:30,3167,184.5,19.4,1015,49,4.7,0.0,0.0,69,1,555,915,0.61,3,12,8
08-10-2017 12:45,3078,180.3,19.4,1015,49,4.7,0.0,0.0,69,1,570,915,0.62,3,12,8
08-10-2017 13:00,2967,175.3,19.4,1015,49,4.7,0.0,0.0,69,1,585,915,0.64,3,13,8
08-10-2017 13:15,2860,169.6,19.4,1015,49,4.7,0.0,0.0,69,1,600,915,0.66,3,13,8
08-10-2017 13:30,2742,162.9,20.3,1015,46,5.1,0.0,0.0,27,1,615,915,0.67,2,13,8
08-10-2017 13:45,2603,155.6,20.3,1015,46,5.1,0.0,0.0,27,1,630,915,0.69,2,13,8
08-10-2017 14:00,2470,147.6,20.3,1015,46,5.1,0.0,0.0,27,1,645,915,0.7,2,14,8
08-10-2017 14:15,2284,138.8,20.3,1015,46,5.1,0.0,0.0,27,1,660,915,0.72,2,14,8
08-10-2017 14:30,2138,129.5,20.6,1014,44,5.4,0.0,0.0,12,1,675,915,0.74,2,14,8
08-10-2017 15:15,1589,111.1,23.2,1015,49,3.2,0.0,0.0,12,1,720,915,0.79,3,15,8
08-10-2017 15:30,1290,95.1,23.2,1015,49,3.2,0.0,0.0,12,1,735,915,0.8,3,15,8
08-10-2017 15:45,1100,87.6,23.2,1014,45,2.7,0.0,0.0,84,1,750,915,0.82,5,15,8
08-10-2017 16:00,934,78.5,23.2,1014,45,2.7,0.0,0.0,84,1,765,915,0.84,5,16,8
08-10-2017 16:15,723,61.5,23.2,1014,45,2.7,0.0,0.0,84,1,780,915,0.85,5,16,8
08-10-2017 16:30,514,53.5,23.2,1014,45,2.7,0.0,0.0,84,1,795,915,0.87,5,16,8
08-10-2017 16:45,282,43.0,22.9,1014,52,1.9,0.0,0.0,100,1,810,915,0.89,5,16,8
08-10-2017 17:00,169,31.4,22.9,1014,52,1.9,0.0,0.0,100,1,825,915,0.9,5,17,8
09-03-2017 13:15,1481,43.0,22.6,1010,77,4.9,0.0,0.0,100,1,555,810,0.69,5,13,9
09-03-2017 13:30,572,41.6,22.6,1010,77,4.9,0.0,0.0,100,1,570,810,0.7,5,13,9
09-03-2017 13:45,760,41.8,22.6,1010,77,4.9,0.0,0.0,100,1,585,810,0.72,5,13,9
09-03-2017 14:00,871,33.6,22.6,1010,77,4.9,0.0,0.0,100,1,600,810,0.74,5,14,9
09-03-2017 14:15,712,30.9,21.6,1009,83,4.9,0.11,0.0,100,1,615,810,0.76,5,14,9
09-03-2017 14:30,701,42.8,21.6,1009,83,4.9,0.11,0.0,100,1,630,810,0.78,5,14,9
09-03-2017 14:45,1065,41.3,21.6,1009,83,4.9,0.11,0.0,100,1,645,810,0.8,5,14,9
09-03-2017 15:00,791,33.6,21.6,1009,83,4.9,0.11,0.0,100,1,660,810,0.81,5,15,9
09-03-2017 15:15,394,25.2,21.1,1008,87,4.5,0.0,0.0,95,1,675,810,0.83,4,15,9
09-03-2017 15:30,395,26.6,21.1,1008,87,4.5,0.0,0.0,95,1,690,810,0.85,4,15,9
10-18-2017 07:45,320,26.6,13.0,1019,100,4.0,0.0,0.0,38,1,150,630,0.24,2,7,10
10-18-2017 08:00,207,21.0,13.0,1019,100,4.0,0.0,0.0,38,1,165,630,0.26,2,8,10
10-18-2017 08:15,227,15.8,13.8,1020,100,3.9,0.0,0.0,33,1,180,630,0.29,2,8,10
10-18-2017 08:30,326,28.9,13.8,1020,100,3.9,0.0,0.0,33,1,195,630,0.31,2,8,10
10-18-2017 08:45,654,36.8,13.8,1020,100,3.9,0.0,0.0,33,1,210,630,0.33,2,8,10
10-18-2017 09:00,384,29.8,13.8,1020,100,3.9,0.0,0.0,33,1,225,630,0.36,2,9,10
10-18-2017 09:15,210,25.7,14.0,1021,92,5.2,0.0,0.0,29,1,240,630,0.38,2,9,10
10-18-2017 09:30,259,23.9,14.0,1021,92,5.2,0.0,0.0,29,1,255,630,0.4,2,9,10
10-18-2017 09:45,253,19.6,14.0,1021,92,5.2,0.0,0.0,29,1,270,630,0.43,2,9,10
10-18-2017 10:00,262,27.5,14.0,1021,92,5.2,0.0,0.0,29,1,285,630,0.45,2,10,10
10-18-2017 10:15,657,35.8,14.6,1021,91,4.9,0.0,0.0,33,1,300,630,0.48,2,10,10
10-22-2017 11:15,28,13.4,11.0,1005,93,3.2,0.18,0.0,100,1,345,600,0.57,5,11,10
10-22-2017 11:30,50,16.7,11.0,1005,93,3.2,0.18,0.0,100,1,360,600,0.6,5,11,10
10-22-2017 11:45,188,23.0,11.1,1005,93,4.0,0.33,0.0,100,1,375,600,0.62,5,11,10
10-22-2017 12:00,377,27.0,11.1,1005,93,4.0,0.33,0.0,100,1,390,600,0.65,5,12,10
10-22-2017 12:15,314,29.9,11.1,1005,93,4.0,0.33,0.0,100,1,405,600,0.68,5,12,10
10-22-2017 12:30,242,27.7,11.1,1005,93,4.0,0.33,0.0,100,1,420,600,0.7,5,12,10
10-22-2017 12:45,345,24.2,12.1,1005,92,4.1,0.14,0.0,100,1,435,600,0.72,5,12,10
10-22-2017 13:00,231,24.4,12.1,1005,92,4.1,0.14,0.0,100,1,450,600,0.75,5,13,10
10-22-2017 13:15,264,26.6,12.1,1005,92,4.1,0.14,0.0,100,1,465,600,0.78,5,13,10
10-22-2017 13:30,256,27.0,12.1,1005,92,4.1,0.14,0.0,100,1,480,600,0.8,5,13,10
10-22-2017 13:45,380,33.3,12.0,1005,81,4.4,0.0,0.0,100,1,495,600,0.82,5,13,10
04-23-2018 12:15,574,49.2,17.5,1014,51,5.3,0.0,0.0,25,1,525,870,0.6,2,12,4
04-23-2018 12:30,1081,73.4,17.5,1014,51,5.3,0.0,0.0,25,1,540,870,0.62,2,12,4
04-23-2018 12:45,3035,81.7,17.9,1014,50,5.5,0.11,0.0,32,1,555,870,0.64,4,12,4
04-23-2018 13:00,1094,82.3,17.9,1014,50,5.5,0.11,0.0,32,1,570,870,0.66,4,13,4
04-23-2018 13:15,3358,96.7,17.9,1014,50,5.5,0.11,0.0,32,1,585,870,0.67,4,13,4
04-23-2018 13:30,788,54.6,17.9,1014,50,5.5,0.11,0.0,32,1,600,870,0.69,4,13,4
04-23-2018 13:45,510,45.6,18.3,1014,50,5.2,0.13,0.0,27,1,615,870,0.71,4,13,4
04-23-2018 14:00,1295,82.4,18.3,1014,50,5.2,0.13,0.0,27,1,630,870,0.72,4,14,4
04-23-2018 14:15,2616,112.6,18.3,1014,50,5.2,0.13,0.0,27,1,645,870,0.74,4,14,4
04-23-2018 14:45,1311,73.8,17.8,1013,52,5.2,0.0,0.0,17,1,675,870,0.78,2,14,4
04-23-2018 15:00,745,75.3,17.8,1013,52,5.2,0.0,0.0,17,1,690,870,0.79,2,15,4
04-23-2018 15:15,690,55.3,17.8,1013,52,5.2,0.0,0.0,17,1,705,870,0.81,2,15,4
04-23-2018 15:30,637,42.8,17.8,1013,52,5.2,0.0,0.0,17,1,720,870,0.83,2,15,4
04-23-2018 15:45,870,46.7,17.1,1013,53,4.3,0.0,0.0,9,1,735,870,0.84,2,15,4
04-23-2018 16:00,270,33.1,17.1,1013,53,4.3,0.0,0.0,9,1,750,870,0.86,2,16,4
05-14-2018 04:30,182,38.0,14.2,1012,76,4.7,0.0,0.0,30,1,105,945,0.11,1,4,5
05-14-2018 04:45,268,47.6,14.2,1012,76,4.7,0.0,0.0,30,1,120,945,0.13,1,4,5
05-14-2018 05:00,326,57.4,16.3,1012,70,5.1,0.0,0.0,3,1,135,945,0.14,1,5,5
05-14-2018 05:15,369,67.6,16.3,1012,70,5.1,0.0,0.0,3,1,150,945,0.16,1,5,5
06-13-2018 07:00,1359,37.0,5.6,1015,79,3.4,0.0,0.0,99,1,285,1020,0.28,4,7,6
06-13-2018 07:15,1125,72.3,5.6,1015,79,3.4,0.0,0.0,99,1,300,1020,0.29,4,7,6
06-13-2018 07:30,1266,85.1,5.8,1015,77,3.6,0.0,0.0,99,1,315,1020,0.31,4,7,6
06-13-2018 07:45,1704,82.3,5.8,1015,77,3.6,0.0,0.0,99,1,330,1020,0.32,4,7,6
07-03-2018 05:15,536,8.8,14.7,1012,74,6.2,0.0,0.0,30,1,180,1020,0.18,2,5,7
07-03-2018 05:30,482,12.6,14.7,1012,74,6.2,0.0,0.0,30,1,195,1020,0.19,2,5,7
07-03-2018 05:45,358,21.9,15.5,1012,73,6.2,0.0,0.0,28,1,210,1020,0.21,2,5,7
07-03-2018 06:00,399,23.5,15.5,1012,73,6.2,0.0,0.0,28,1,225,1020,0.22,2,6,7
07-28-2018 12:00,3251,184.1,31.6,1012,42,2.1,0.0,0.0,0,1,540,945,0.57,2,12,7
07-28-2018 12:15,3193,181.3,31.6,1012,42,2.1,0.0,0.0,0,1,555,945,0.59,2,12,7
07-28-2018 12:30,3109,178.0,31.6,1012,42,2.1,0.0,0.0,0,1,570,945,0.6,2,12,7
07-28-2018 12:45,3020,174.2,31.6,1012,42,2.1,0.0,0.0,0,1,585,945,0.62,2,12,7
08-04-2018 12:00,0,20.9,27.9,1014,59,2.3,0.0,0.0,30,1,540,930,0.58,2,12,8
08-04-2018 12:15,0,17.2,26.4,1014,62,1.8,0.36,0.0,30,1,555,930,0.6,3,12,8
08-04-2018 12:30,0,30.2,26.4,1014,62,1.8,0.36,0.0,30,1,570,930,0.61,3,12,8
08-04-2018 12:45,0,42.1,26.4,1014,62,1.8,0.36,0.0,30,1,585,930,0.63,3,12,8
08-04-2018 13:00,132,45.0,26.4,1014,62,1.8,0.36,0.0,30,1,600,930,0.65,3,13,8
09-22-2018 11:15,1422,23.4,5.6,1008,75,5.9,0.0,0.0,66,1,405,735,0.55,3,11,9
09-22-2018 11:30,1239,54.9,5.6,1008,75,5.9,0.0,0.0,66,1,420,735,0.57,3,11,9
09-22-2018 11:45,450,66.0,5.8,1007,75,5.6,0.0,0.0,66,1,435,735,0.59,3,11,9
09-22-2018 12:00,1008,62.7,5.8,1007,75,5.6,0.0,0.0,66,1,450,735,0.61,3,12,9
09-22-2018 12:15,831,57.9,5.8,1007,75,5.6,0.0,0.0,66,1,465,735,0.63,3,12,9
09-22-2018 12:30,897,54.9,5.8,1007,75,5.6,0.0,0.0,66,1,480,735,0.65,3,12,9
09-22-2018 12:45,351,70.8,5.8,1007,75,5.6,0.0,0.0,66,1,495,735,0.67,3,12,9
10-20-2018 13:15,1096,46.0,9.2,1025,82,2.7,0.0,0.0,100,1,480,615,0.78,4,13,10
10-20-2018 13:30,769,49.7,9.0,1025,82,2.2,0.0,0.0,100,1,495,615,0.8,4,13,10
10-20-2018 13:45,794,42.2,9.0,1025,82,2.2,0.0,0.0,100,1,510,615,0.83,4,13,10
10-20-2018 14:00,454,33.7,9.0,1025,82,2.2,0.0,0.0,100,1,525,615,0.85,4,14,10
10-24-2018 07:00,0,0.5,2.0,1003,80,12.9,0.0,0.0,87,1,90,600,0.15,5,7,10
10-24-2018 07:15,9,4.4,2.0,1003,80,12.9,0.0,0.0,87,1,105,600,0.18,5,7,10
10-24-2018 07:30,25,10.5,2.0,1003,80,12.9,0.0,0.0,87,1,120,600,0.2,5,7,10
10-24-2018 07:45,46,17.4,2.0,1003,80,12.9,0.0,0.0,87,1,135,600,0.22,5,7,10
10-24-2018 08:00,164,19.3,2.1,1003,78,14.1,0.0,0.0,86,1,150,600,0.25,5,8,10
10-24-2018 08:15,186,23.2,2.1,1003,78,14.1,0.0,0.0,86,1,165,600,0.28,5,8,10
10-24-2018 08:30,178,26.0,2.1,1003,78,14.1,0.0,0.0,86,1,180,600,0.3,5,8,10
10-24-2018 08:45,172,30.2,2.1,1003,78,14.1,0.0,0.0,86,1,195,600,0.32,5,8,10
10-24-2018 09:00,192,21.9,2.7,1003,76,14.7,0.0,0.0,78,1,210,600,0.35,5,9,10
10-24-2018 09:15,213,14.5,2.7,1003,76,14.7,0.0,0.0,78,1,225,600,0.38,5,9,10
10-24-2018 09:30,194,14.6,2.7,1003,76,14.7,0.0,0.0,78,1,240,600,0.4,5,9,10
10-24-2018 09:45,180,23.3,2.7,1003,76,14.7,0.0,0.0,78,1,255,600,0.42,5,9,10
10-24-2018 10:00,274,28.2,3.4,1003,72,16.8,0.0,0.0,81,1,270,600,0.45,5,10,10
10-24-2018 10:15,321,59.3,3.4,1003,72,16.8,0.0,0.0,81,1,285,600,0.48,5,10,10
10-24-2018 10:30,521,73.8,3.4,1003,72,16.8,0.0,0.0,81,1,300,600,0.5,5,10,10
10-24-2018 10:45,511,43.4,3.4,1003,72,16.8,0.0,0.0,81,1,315,600,0.52,5,10,10
06-07-2019 15:15,2295,108.6,13.8,1012,74,2.0,0.0,0.0,100,1,780,1020,0.76,5,15,6
06-07-2019 15:30,678,83.4,13.8,1012,74,2.0,0.0,0.0,100,1,795,1020,0.78,5,15,6
06-07-2019 15:45,625,58.4,13.8,1012,74,2.0,0.0,0.0,100,1,810,1020,0.79,5,15,6
06-07-2019 16:00,280,35.2,13.8,1012,74,2.0,0.0,0.0,100,1,825,1020,0.81,5,16,6
06-07-2019 16:15,125,15.0,12.6,1012,80,1.9,0.0,0.0,100,1,840,1020,0.82,5,16,6
06-07-2019 16:30,42,2.0,12.6,1012,80,1.9,0.0,0.0,100,1,855,1020,0.84,5,16,6
06-07-2019 16:45,0,0.0,12.6,1012,80,1.9,0.0,0.0,100,1,870,1020,0.85,5,16,6
06-07-2019 17:00,0,0.0,12.6,1012,80,1.9,0.0,0.0,100,1,885,1020,0.87,5,17,6
06-07-2019 17:15,0,0.0,9.6,1013,87,1.8,0.0,0.0,100,1,900,1020,0.88,5,17,6
06-07-2019 17:30,0,0.0,9.6,1013,87,1.8,0.0,0.0,100,1,915,1020,0.9,5,17,6
06-08-2019 06:00,0,0.0,5.3,1011,90,2.6,0.0,0.0,73,1,225,1020,0.22,3,6,6
06-08-2019 06:15,0,5.9,5.3,1011,90,2.7,0.0,0.0,73,1,240,1020,0.24,3,6,6
06-08-2019 06:30,86,20.1,5.3,1011,90,2.7,0.0,0.0,73,1,255,1020,0.25,3,6,6
06-08-2019 06:45,193,38.6,5.3,1011,90,2.7,0.0,0.0,73,1,270,1020,0.26,3,6,6
06-08-2019 07:00,306,52.0,5.3,1011,90,2.7,0.0,0.0,73,1,285,1020,0.28,3,7,6
06-08-2019 07:30,13,16.1,15.8,1012,89,3.2,0.0,0.0,74,1,315,1020,0.31,3,7,6
06-08-2019 07:45,36,29.5,15.8,1012,89,3.2,0.0,0.0,74,1,330,1020,0.32,3,7,6
06-08-2019 08:00,71,43.8,15.8,1012,89,3.2,0.0,0.0,74,1,345,1020,0.34,3,8,6
06-08-2019 08:15,80,22.8,15.8,1012,89,3.2,0.0,0.0,74,1,360,1020,0.35,3,8,6
06-08-2019 08:30,86,8.7,16.4,1012,89,3.4,0.0,0.0,70,1,375,1020,0.37,3,8,6
06-08-2019 08:45,132,9.9,16.4,1012,89,3.4,0.0,0.0,70,1,390,1020,0.38,3,8,6
06-08-2019 09:00,154,11.1,16.4,1012,89,3.4,0.0,0.0,70,1,405,1020,0.4,3,9,6
06-08-2019 09:15,211,12.4,16.4,1012,89,3.4,0.0,0.0,70,1,420,1020,0.41,3,9,6
06-08-2019 09:30,246,16.8,16.6,1013,86,3.6,0.0,0.0,61,1,435,1020,0.43,3,9,6
06-08-2019 09:45,270,18.6,16.6,1013,86,3.6,0.0,0.0,61,1,450,1020,0.44,3,9,6
06-08-2019 10:00,365,28.2,16.6,1013,86,3.6,0.0,0.0,61,1,465,1020,0.46,3,10,6
06-08-2019 10:15,385,38.4,16.6,1013,86,3.6,0.0,0.0,61,1,480,1020,0.47,3,10,6
06-08-2019 10:30,646,46.3,16.8,1013,83,3.7,0.0,0.0,55,1,495,1020,0.49,3,10,6
06-15-2019 06:15,459,21.5,14.4,1022,87,5.1,0.0,0.0,100,1,240,1020,0.24,5,6,6
06-15-2019 06:30,395,20.4,14.4,1022,87,5.1,0.0,0.0,100,1,255,1020,0.25,5,6,6
06-15-2019 06:45,345,16.0,14.4,1022,87,5.1,0.0,0.0,100,1,270,1020,0.26,5,6,6
06-15-2019 07:00,312,14.5,14.4,1023,86,5.1,0.0,0.0,100,1,285,1020,0.28,5,7,6
06-15-2019 07:15,286,14.4,14.4,1023,86,5.1,0.0,0.0,100,1,300,1020,0.29,5,7,6
06-16-2019 00:00,0,0.0,17.9,1015,94,4.9,0.0,0.0,10,0,0,1020,0.0,1,0,6
06-16-2019 00:15,0,0.0,17.9,1015,94,4.9,0.0,0.0,10,0,0,1020,0.0,1,0,6
06-16-2019 00:30,0,0.0,17.9,1015,94,4.9,0.0,0.0,10,0,0,1020,0.0,1,0,6
06-16-2019 00:45,0,0.0,17.9,1015,94,4.9,0.0,0.0,10,0,0,1020,0.0,1,0,6
06-16-2019 01:00,0,0.0,16.8,1015,94,4.7,0.0,0.0,36,0,0,1020,0.0,2,1,6
06-16-2019 01:15,0,0.0,16.8,1015,94,4.7,0.0,0.0,36,0,0,1020,0.0,2,1,6
06-16-2019 01:30,0,0.0,16.8,1015,94,4.7,0.0,0.0,36,0,0,1020,0.0,2,1,6
06-16-2019 01:45,0,0.0,16.8,1015,94,4.7,0.0,0.0,36,0,0,1020,0.0,2,1,6
06-16-2019 02:00,0,0.0,16.1,1015,94,4.3,0.0,0.0,17,0,0,1020,0.0,2,2,6
06-16-2019 02:15,0,0.0,16.1,1015,94,4.3,0.0,0.0,17,0,0,1020,0.0,2,2,6
06-16-2019 02:30,0,0.0,16.1,1015,94,4.3,0.0,0.0,17,0,0,1020,0.0,2,2,6
06-16-2019 02:45,0,0.0,16.1,1015,94,4.3,0.0,0.0,17,0,0,1020,0.0,2,2,6
06-16-2019 03:00,0,0.0,15.5,1015,95,4.1,0.0,0.0,14,0,0,1020,0.0,2,3,6
06-16-2019 03:15,0,0.0,15.5,1015,95,4.1,0.0,0.0,14,0,0,1020,0.0,2,3,6
06-16-2019 03:30,0,0.0,15.5,1015,95,4.1,0.0,0.0,14,0,0,1020,0.0,2,3,6
06-16-2019 03:45,0,0.0,15.5,1015,95,4.1,0.0,0.0,14,0,0,1020,0.0,2,3,6
06-16-2019 04:00,0,0.3,14.6,1016,95,3.9,0.0,0.0,42,0,0,1020,0.0,2,4,6
06-16-2019 04:15,37,3.5,14.6,1016,95,3.9,0.0,0.0,42,0,0,1020,0.0,2,4,6
06-16-2019 04:30,87,8.9,14.6,1016,95,3.9,0.0,0.0,42,0,0,1020,0.0,2,4,6
06-16-2019 04:45,146,11.7,14.6,1016,95,3.9,0.0,0.0,42,0,0,1020,0.0,2,4,6
06-16-2019 05:00,213,21.5,14.9,1016,94,3.9,0.0,0.0,65,0,0,1020,0.0,3,5,6
06-16-2019 05:15,308,23.2,14.9,1016,94,3.9,0.0,0.0,65,0,0,1020,0.0,3,5,6
06-16-2019 05:30,179,19.7,14.9,1016,94,3.9,0.0,0.0,65,0,0,1020,0.0,3,5,6
06-16-2019 05:45,210,16.1,14.9,1016,94,3.9,0.0,0.0,65,0,0,1020,0.0,3,5,6
06-16-2019 06:00,520,39.5,15.6,1016,90,3.7,0.0,0.0,100,0,0,1020,0.0,4,6,6
06-16-2019 06:15,642,38.5,15.6,1016,90,3.7,0.0,0.0,100,0,0,1020,0.0,4,6,6
06-16-2019 06:30,199,19.6,15.6,1016,90,3.7,0.0,0.0,100,0,0,1020,0.0,4,6,6
06-16-2019 06:45,235,27.3,15.6,1016,90,3.7,0.0,0.0,100,0,0,1020,0.0,4,6,6
06-16-2019 07:00,455,44.2,16.1,1017,86,4.9,0.32,0.0,100,0,0,1020,0.0,5,7,6
06-16-2019 07:15,433,32.4,16.1,1017,86,4.9,0.32,0.0,100,0,0,1020,0.0,5,7,6
06-16-2019 07:30,718,29.5,16.1,1017,86,4.9,0.32,0.0,100,0,0,1020,0.0,5,7,6
06-16-2019 07:45,650,33.1,16.1,1017,86,4.9,0.32,0.0,100,0,0,1020,0.0,5,7,6
06-16-2019 08:00,376,20.7,16.4,1017,84,5.0,0.45,0.0,100,0,0,1020,0.0,5,8,6
06-16-2019 08:15,261,12.0,16.4,1017,84,5.0,0.45,0.0,100,0,0,1020,0.0,5,8,6
06-16-2019 08:30,216,11.0,16.4,1017,84,5.0,0.45,0.0,100,0,0,1020,0.0,5,8,6
06-16-2019 08:45,174,12.1,16.4,1017,84,5.0,0.45,0.0,100,0,0,1020,0.0,5,8,6
06-16-2019 09:00,145,30.6,16.5,1018,88,5.8,0.19,0.0,100,0,0,1020,0.0,5,9,6
06-16-2019 09:15,167,41.5,16.5,1018,88,5.8,0.19,0.0,100,0,0,1020,0.0,5,9,6
06-16-2019 09:30,269,36.1,16.5,1018,88,5.8,0.19,0.0,100,0,0,1020,0.0,5,9,6
06-16-2019 09:45,221,38.2,16.5,1018,88,5.8,0.19,0.0,100,0,0,1020,0.0,5,9,6
06-16-2019 10:00,291,51.3,16.1,1020,93,5.6,0.0,0.0,100,0,0,1020,0.0,4,10,6
06-16-2019 10:15,651,54.6,16.1,1020,93,5.6,0.0,0.0,100,0,0,1020,0.0,4,10,6
06-16-2019 10:30,918,75.8,16.1,1020,93,5.6,0.0,0.0,100,0,0,1020,0.0,4,10,6
06-16-2019 10:45,633,94.0,16.1,1020,93,5.6,0.0,0.0,100,0,0,1020,0.0,4,10,6
06-16-2019 11:00,1244,92.2,16.7,1020,89,5.3,0.0,0.0,100,0,0,1020,0.0,4,11,6
06-16-2019 11:15,454,96.8,16.7,1020,89,5.3,0.0,0.0,100,0,0,1020,0.0,4,11,6
06-16-2019 11:30,807,99.7,16.7,1020,89,5.3,0.0,0.0,100,0,0,1020,0.0,4,11,6
06-16-2019 11:45,690,90.6,16.7,1020,89,5.3,0.0,0.0,100,0,0,1020,0.0,4,11,6
06-16-2019 12:00,498,68.9,17.8,1021,81,6.1,0.11,0.0,100,0,0,1020,0.0,5,12,6
06-16-2019 12:15,780,56.9,17.8,1021,81,6.1,0.11,0.0,100,0,0,1020,0.0,5,12,6
06-16-2019 12:30,698,60.1,17.8,1021,81,6.1,0.11,0.0,100,0,0,1020,0.0,5,12,6
06-16-2019 12:45,554,50.7,17.8,1021,81,6.1,0.11,0.0,100,0,0,1020,0.0,5,12,6
06-16-2019 13:00,575,59.8,17.9,1021,78,5.0,0.23,0.0,100,0,0,1020,0.0,5,13,6
06-16-2019 13:15,410,62.3,17.9,1021,78,5.0,0.23,0.0,100,0,0,1020,0.0,5,13,6
06-16-2019 13:30,471,48.8,17.9,1021,78,5.0,0.23,0.0,100,0,0,1020,0.0,5,13,6
06-16-2019 13:45,598,44.2,17.9,1021,78,5.0,0.23,0.0,100,0,0,1020,0.0,5,13,6
06-16-2019 14:00,655,41.5,18.1,1021,81,4.0,0.11,0.0,99,0,0,1020,0.0,5,14,6
06-16-2019 14:15,780,38.3,18.1,1021,81,4.0,0.11,0.0,99,0,0,1020,0.0,5,14,6
06-16-2019 14:30,470,46.0,18.1,1021,81,4.0,0.11,0.0,99,0,0,1020,0.0,5,14,6
06-16-2019 14:45,354,47.7,18.1,1021,81,4.0,0.11,0.0,99,0,0,1020,0.0,5,14,6
06-16-2019 15:00,135,42.6,18.3,1021,81,3.7,0.15,0.0,100,0,0,1020,0.0,5,15,6
06-16-2019 15:15,133,41.5,18.3,1021,81,3.7,0.15,0.0,100,0,0,1020,0.0,5,15,6
06-16-2019 15:30,78,35.1,18.3,1021,81,3.7,0.15,0.0,100,0,0,1020,0.0,5,15,6
06-16-2019 15:45,73,25.5,18.3,1021,81,3.7,0.15,0.0,100,0,0,1020,0.0,5,15,6
06-16-2019 16:00,16,24.9,17.4,1022,78,3.6,0.91,0.0,87,0,0,1020,0.0,5,16,6
06-16-2019 16:15,2,20.1,17.4,1022,78,3.6,0.91,0.0,87,0,0,1020,0.0,5,16,6
06-16-2019 16:30,29,18.7,17.4,1022,78,3.6,0.91,0.0,87,0,0,1020,0.0,5,16,6
06-16-2019 16:45,58,22.0,17.4,1022,78,3.6,0.91,0.0,87,0,0,1020,0.0,5,16,6
06-16-2019 17:00,66,16.8,15.9,1022,82,2.1,0.22,0.0,42,0,0,1020,0.0,5,17,6
06-16-2019 17:15,50,9.3,15.9,1022,82,2.1,0.22,0.0,42,0,0,1020,0.0,5,17,6
06-16-2019 17:30,16,3.6,15.9,1022,82,2.1,0.22,0.0,42,0,0,1020,0.0,5,17,6
06-16-2019 17:45,4,0.3,15.9,1022,82,2.1,0.22,0.0,42,0,0,1020,0.0,5,17,6
06-16-2019 18:00,0,0.0,15.8,1022,88,2.1,0.0,0.0,43,0,0,1020,0.0,2,18,6
06-16-2019 18:15,0,0.0,15.8,1022,88,2.1,0.0,0.0,43,0,0,1020,0.0,2,18,6
06-16-2019 18:30,0,0.0,15.8,1022,88,2.1,0.0,0.0,43,0,0,1020,0.0,2,18,6
06-16-2019 18:45,0,0.0,15.8,1022,88,2.1,0.0,0.0,43,0,0,1020,0.0,2,18,6
06-16-2019 19:00,0,0.0,15.2,1022,93,1.5,0.0,0.0,53,0,0,1020,0.0,2,19,6
06-16-2019 19:15,0,0.0,15.2,1022,93,1.5,0.0,0.0,53,0,0,1020,0.0,2,19,6
06-16-2019 19:30,0,0.0,15.2,1022,93,1.5,0.0,0.0,53,0,0,1020,0.0,2,19,6
06-16-2019 19:45,0,0.0,15.2,1022,93,1.5,0.0,0.0,53,0,0,1020,0.0,2,19,6
06-16-2019 20:00,0,0.0,13.8,1022,96,1.4,0.0,0.0,47,0,0,1020,0.0,2,20,6
06-16-2019 20:15,0,0.0,13.8,1022,96,1.4,0.0,0.0,47,0,0,1020,0.0,2,20,6
06-16-2019 20:30,0,0.0,13.8,1022,96,1.4,0.0,0.0,47,0,0,1020,0.0,2,20,6
06-16-2019 20:45,0,0.0,13.8,1022,96,1.4,0.0,0.0,47,0,0,1020,0.0,2,20,6
06-16-2019 21:00,0,0.0,13.5,1022,97,1.5,0.0,0.0,45,0,0,1020,0.0,2,21,6
06-16-2019 21:15,0,0.0,13.5,1022,97,1.5,0.0,0.0,45,0,0,1020,0.0,2,21,6
06-16-2019 21:30,0,0.0,13.5,1022,97,1.5,0.0,0.0,45,0,0,1020,0.0,2,21,6
06-16-2019 21:45,0,0.0,13.5,1022,97,1.5,0.0,0.0,45,0,0,1020,0.0,2,21,6
06-16-2019 22:00,0,0.0,12.5,1023,98,1.7,0.0,0.0,54,0,0,1020,0.0,2,22,6
06-16-2019 22:15,0,0.0,12.5,1023,98,1.7,0.0,0.0,54,0,0,1020,0.0,2,22,6
06-16-2019 22:30,0,0.0,12.5,1023,98,1.7,0.0,0.0,54,0,0,1020,0.0,2,22,6
06-16-2019 22:45,0,0.0,12.5,1023,98,1.7,0.0,0.0,54,0,0,1020,0.0,2,22,6
06-16-2019 23:00,0,0.0,11.3,1023,99,1.8,0.0,0.0,91,0,0,1020,0.0,3,23,6
06-16-2019 23:15,0,0.0,11.3,1023,99,1.8,0.0,0.0,91,0,0,1020,0.0,3,23,6
06-16-2019 23:30,0,0.0,11.3,1023,99,1.8,0.0,0.0,91,0,0,1020,0.0,3,23,6
06-16-2019 23:45,0,0.0,11.3,1023,99,1.8,0.0,0.0,91,0,0,1020,0.0,3,23,6
06-17-2019 04:00,2,0.7,9.0,1021,99,1.3,0.0,0.0,91,1,105,1020,0.1,4,4,6
06-17-2019 04:15,34,4.4,9.0,1021,99,1.3,0.0,0.0,91,1,120,1020,0.12,4,4,6
06-17-2019 04:30,63,10.2,9.0,1021,99,1.3,0.0,0.0,91,1,135,1020,0.13,4,4,6
06-17-2019 04:45,95,6.7,9.0,1021,99,1.3,0.0,0.0,91,1,150,1020,0.15,4,4,6
06-17-2019 05:00,137,3.5,10.2,1021,96,1.5,0.0,0.0,91,1,165,1020,0.16,4,5,6
06-17-2019 05:15,195,14.1,10.2,1021,96,1.5,0.0,0.0,91,1,180,1020,0.18,4,5,6
06-17-2019 05:30,254,25.3,10.2,1021,96,1.5,0.0,0.0,91,1,195,1020,0.19,4,5,6
06-17-2019 05:45,345,33.0,10.2,1021,96,1.5,0.0,0.0,91,1,210,1020,0.21,4,5,6
06-17-2019 06:00,460,41.3,12.3,1021,95,1.8,0.0,0.0,91,1,225,1020,0.22,4,6,6
06-17-2019 06:15,573,47.2,12.3,1021,95,1.8,0.0,0.0,91,1,240,1020,0.24,4,6,6
06-17-2019 06:30,719,56.7,12.3,1021,95,1.8,0.0,0.0,91,1,255,1020,0.25,4,6,6
06-17-2019 06:45,741,79.2,12.3,1021,95,1.8,0.0,0.0,91,1,270,1020,0.26,4,6,6
06-17-2019 07:00,1218,83.4,14.4,1020,95,2.0,0.0,0.0,91,1,285,1020,0.28,4,7,6
06-17-2019 07:15,1023,92.0,14.4,1020,95,2.0,0.0,0.0,91,1,300,1020,0.29,4,7,6
06-17-2019 07:30,1073,100.7,14.4,1020,95,2.0,0.0,0.0,91,1,315,1020,0.31,4,7,6
06-17-2019 07:45,1922,101.9,14.4,1020,95,2.0,0.0,0.0,91,1,330,1020,0.32,4,7,6
06-17-2019 08:00,1892,101.1,17.2,1020,96,1.9,0.0,0.0,87,1,345,1020,0.34,4,8,6
06-17-2019 08:15,1826,123.3,17.2,1020,96,1.9,0.0,0.0,87,1,360,1020,0.35,4,8,6
06-17-2019 08:30,2765,126.0,17.2,1020,96,1.9,0.0,0.0,87,1,375,1020,0.37,4,8,6
06-21-2019 05:30,452,22.7,14.2,1010,82,2.2,0.0,0.0,70,1,195,1020,0.19,3,5,6
06-21-2019 05:45,604,12.9,14.2,1010,82,2.2,0.0,0.0,70,1,210,1020,0.21,3,5,6
06-21-2019 06:00,725,18.1,14.2,1010,82,2.2,0.0,0.0,70,1,225,1020,0.22,3,6,6
06-21-2019 06:15,775,30.5,14.2,1010,82,2.2,0.0,0.0,70,1,240,1020,0.24,3,6,6
06-21-2019 06:30,935,35.2,14.9,1009,81,2.0,0.0,0.0,70,1,255,1020,0.25,3,6,6
06-21-2019 06:45,872,60.1,14.9,1009,81,2.0,0.0,0.0,70,1,270,1020,0.26,3,6,6
06-21-2019 07:00,822,87.7,14.9,1009,81,2.0,0.0,0.0,70,1,285,1020,0.28,3,7,6
06-21-2019 07:15,1156,102.9,14.9,1009,81,2.0,0.0,0.0,70,1,300,1020,0.29,3,7,6
06-21-2019 07:30,1479,105.5,15.6,1009,78,1.8,0.0,0.0,70,1,315,1020,0.31,3,7,6
06-21-2019 07:45,1757,119.7,15.6,1009,78,1.8,0.0,0.0,70,1,330,1020,0.32,3,7,6
07-23-2019 09:15,598,54.5,19.5,1021,97,2.8,0.0,0.0,96,1,390,975,0.4,4,9,7
07-23-2019 09:30,543,76.9,20.1,1021,92,3.2,0.0,0.0,97,1,405,975,0.42,4,9,7
07-23-2019 09:45,1830,128.3,20.1,1021,92,3.2,0.0,0.0,97,1,420,975,0.43,4,9,7
07-23-2019 10:00,4186,175.0,20.1,1021,92,3.2,0.0,0.0,97,1,435,975,0.45,4,10,7
07-23-2019 10:30,1744,94.3,20.9,1021,88,3.1,0.0,0.0,78,1,465,975,0.48,3,10,7
07-23-2019 10:45,1419,66.5,20.9,1021,88,3.1,0.0,0.0,78,1,480,975,0.49,3,10,7
07-23-2019 11:00,905,66.7,20.9,1021,88,3.1,0.0,0.0,78,1,495,975,0.51,3,11,7
07-23-2019 11:15,3229,116.6,20.9,1021,88,3.1,0.0,0.0,78,1,510,975,0.52,3,11,7
07-23-2019 11:30,4913,181.1,22.3,1020,82,3.2,0.0,0.0,83,1,525,975,0.54,3,11,7
07-24-2019 07:45,1638,47.1,4.3,1026,85,1.4,0.0,0.0,15,1,300,975,0.31,1,7,7
07-24-2019 08:00,903,63.9,4.3,1026,85,1.4,0.0,0.0,15,1,315,975,0.32,1,8,7
07-24-2019 08:15,534,80.1,4.3,1026,85,1.4,0.0,0.0,15,1,330,975,0.34,1,8,7
07-24-2019 08:30,1674,79.2,4.3,1026,85,1.4,0.0,0.0,15,1,345,975,0.35,1,8,7
07-24-2019 08:45,3321,88.5,4.8,1027,84,1.2,0.0,0.0,29,1,360,975,0.37,2,8,7
07-24-2019 09:00,4913,116.4,4.8,1027,84,1.2,0.0,0.0,29,1,375,975,0.38,2,9,7
07-24-2019 09:15,4913,132.0,4.8,1027,84,1.2,0.0,0.0,29,1,390,975,0.4,2,9,7
07-24-2019 09:30,4913,77.4,4.8,1027,84,1.2,0.0,0.0,29,1,405,975,0.42,2,9,7
07-25-2019 16:45,308,64.7,25.4,1020,50,3.9,0.0,0.0,49,1,840,960,0.88,3,16,7
07-25-2019 17:00,241,55.2,24.3,1021,54,4.3,0.0,0.0,54,1,855,960,0.89,3,17,7
07-25-2019 17:15,241,46.1,24.3,1021,54,4.3,0.0,0.0,54,1,870,960,0.91,3,17,7
07-25-2019 17:30,210,37.2,24.3,1021,54,4.3,0.0,0.0,54,1,885,960,0.92,3,17,7
07-26-2019 04:30,198,42.7,12.5,1017,100,2.8,0.0,0.0,9,1,105,960,0.11,1,4,7
07-26-2019 04:45,267,50.8,12.5,1017,100,2.8,0.0,0.0,9,1,120,960,0.12,1,4,7
07-26-2019 05:00,305,59.0,16.9,1017,96,2.9,0.0,0.0,15,1,135,960,0.14,3,5,7
07-26-2019 05:15,359,67.3,16.9,1017,96,2.9,0.0,0.0,15,1,150,960,0.16,3,5,7
07-26-2019 05:30,428,75.7,16.9,1017,96,2.9,0.0,0.0,15,1,165,960,0.17,3,5,7
07-26-2019 05:45,471,84.2,16.9,1017,96,2.9,0.0,0.0,15,1,180,960,0.19,3,5,7
07-26-2019 06:00,567,92.6,19.7,1017,85,3.3,0.0,0.0,15,1,195,960,0.2,3,6,7
07-26-2019 06:15,808,100.8,19.7,1017,85,3.3,0.0,0.0,15,1,210,960,0.22,3,6,7
07-26-2019 06:30,1088,108.9,19.7,1017,85,3.3,0.0,0.0,15,1,225,960,0.23,3,6,7
07-26-2019 06:45,1382,116.9,19.7,1017,85,3.3,0.0,0.0,15,1,240,960,0.25,3,6,7
07-26-2019 07:00,1630,124.5,21.7,1017,78,3.5,0.0,0.0,10,1,255,960,0.27,1,7,7
07-26-2019 07:15,1838,132.0,21.7,1017,78,3.5,0.0,0.0,10,1,270,960,0.28,1,7,7
08-14-2019 09:15,3379,131.9,24.6,1017,64,3.3,0.0,0.0,32,1,360,900,0.4,2,9,8
08-14-2019 09:30,3234,131.4,24.6,1017,64,3.3,0.0,0.0,32,1,375,900,0.42,2,9,8
08-14-2019 09:45,3667,129.3,25.8,1017,54,3.4,0.0,0.0,22,1,390,900,0.43,1,9,8
08-14-2019 10:00,3655,126.3,25.8,1017,54,3.4,0.0,0.0,22,1,405,900,0.45,1,10,8
10-21-2019 13:15,716,41.5,10.8,1011,71,2.6,0.0,0.0,91,1,480,615,0.78,4,13,10
10-21-2019 13:30,610,38.8,10.8,1011,71,2.5,0.0,0.0,91,1,495,615,0.8,4,13,10
10-21-2019 13:45,547,34.2,10.8,1011,71,2.5,0.0,0.0,91,1,510,615,0.83,4,13,10
10-21-2019 14:00,449,29.3,10.8,1011,71,2.5,0.0,0.0,91,1,525,615,0.85,4,14,10
03-03-2020 09:45,576,100.0,6.8,992,87,3.2,0.0,0.0,94,1,255,660,0.39,4,9,3
03-03-2020 10:00,669,94.5,6.8,992,87,3.2,0.0,0.0,94,1,270,660,0.41,4,10,3
03-03-2020 10:15,549,83.6,6.8,992,87,3.2,0.0,0.0,94,1,285,660,0.43,4,10,3
03-03-2020 10:30,660,78.9,6.9,992,85,3.3,0.0,0.0,57,1,300,660,0.45,3,10,3
03-12-2020 13:15,2161,87.4,11.8,1005,68,10.6,0.0,0.0,66,1,495,705,0.7,4,13,3
03-12-2020 13:30,3025,77.9,12.3,1006,63,10.6,0.0,0.0,51,1,510,705,0.72,2,13,3
03-12-2020 13:45,2985,82.7,12.3,1006,63,10.6,0.0,0.0,51,1,525,705,0.74,2,13,3
03-12-2020 14:00,2152,79.5,12.3,1006,63,10.6,0.0,0.0,51,1,540,705,0.77,2,14,3
03-12-2020 14:15,1840,70.8,12.3,1006,63,10.6,0.0,0.0,51,1,555,705,0.79,2,14,3
03-29-2020 13:00,408,55.8,6.6,1013,72,1.4,0.0,0.0,71,1,510,765,0.67,3,13,3
03-29-2020 13:15,437,52.5,6.4,1013,70,0.6,0.0,0.0,72,1,525,765,0.69,3,13,3
03-29-2020 13:30,519,61.4,6.4,1013,70,0.6,0.0,0.0,72,1,540,765,0.71,3,13,3
03-29-2020 13:45,470,69.3,6.4,1013,70,0.6,0.0,0.0,72,1,555,765,0.73,3,13,3
05-14-2020 11:00,4578,197.7,19.9,1011,59,2.1,0.0,0.0,3,1,495,945,0.52,2,11,5
05-14-2020 11:15,4514,199.1,19.9,1011,59,2.1,0.0,0.0,3,1,510,945,0.54,2,11,5
05-14-2020 11:30,4487,200.2,19.9,1011,59,2.1,0.0,0.0,3,1,525,945,0.56,2,11,5
05-14-2020 11:45,4414,193.8,19.9,1011,59,2.1,0.0,0.0,3,1,540,945,0.57,2,11,5
05-14-2020 12:00,4328,192.5,20.0,1010,58,1.9,0.0,0.0,3,1,555,945,0.59,2,12,5
05-14-2020 12:15,4225,191.6,20.0,1010,58,1.9,0.0,0.0,3,1,570,945,0.6,2,12,5
05-14-2020 12:30,4088,198.8,20.0,1010,58,1.9,0.0,0.0,3,1,585,945,0.62,2,12,5
05-14-2020 12:45,3760,197.9,20.0,1010,58,1.9,0.0,0.0,3,1,600,945,0.63,2,12,5
05-14-2020 13:00,3520,190.6,20.8,1010,57,1.8,0.0,0.0,6,1,615,945,0.65,2,13,5
05-14-2020 13:15,3331,182.6,20.8,1010,57,1.8,0.0,0.0,6,1,630,945,0.67,2,13,5
05-14-2020 13:30,3403,173.8,20.8,1010,57,1.8,0.0,0.0,6,1,645,945,0.68,2,13,5
05-14-2020 13:45,2555,164.3,20.8,1010,57,1.8,0.0,0.0,6,1,660,945,0.7,2,13,5
05-14-2020 14:00,1613,154.1,20.7,1009,56,1.8,0.0,0.0,18,1,675,945,0.71,2,14,5
05-14-2020 14:15,2084,143.4,20.7,1009,56,1.8,0.0,0.0,18,1,690,945,0.73,2,14,5
05-14-2020 14:30,2385,132.1,20.7,1009,56,1.8,0.0,0.0,18,1,705,945,0.75,2,14,5
05-14-2020 14:45,2157,120.5,20.7,1009,56,1.8,0.0,0.0,18,1,720,945,0.76,2,14,5
05-30-2020 09:15,2541,163.0,14.5,1029,55,2.4,0.0,0.0,38,1,405,990,0.41,2,9,5
05-30-2020 09:30,2960,181.1,14.5,1029,55,2.4,0.0,0.0,38,1,420,990,0.42,2,9,5
05-30-2020 09:45,3222,187.0,14.8,1028,48,3.2,0.0,0.0,38,1,435,990,0.44,2,9,5
05-30-2020 10:00,3186,170.4,14.8,1028,48,3.2,0.0,0.0,38,1,450,990,0.45,2,10,5
05-30-2020 10:15,2961,157.7,14.8,1028,48,3.2,0.0,0.0,38,1,465,990,0.47,2,10,5
05-30-2020 10:30,2771,160.2,14.8,1028,48,3.2,0.0,0.0,38,1,480,990,0.48,2,10,5
05-31-2020 14:45,2077,138.4,20.7,1020,48,5.9,0.0,0.0,0,1,735,990,0.74,3,14,5
05-31-2020 15:00,1828,130.1,21.3,1020,48,5.6,0.0,0.0,0,1,750,990,0.76,3,15,5
05-31-2020 15:15,1600,121.5,21.3,1020,48,5.6,0.0,0.0,0,1,765,990,0.77,3,15,5
05-31-2020 15:30,1335,112.6,21.3,1020,48,5.6,0.0,0.0,0,1,780,990,0.79,3,15,5
09-18-2020 09:30,3256,152.1,7.5,1033,73,4.4,0.0,0.0,38,1,315,765,0.41,2,9,9
09-18-2020 09:45,2631,154.4,7.2,1033,66,4.2,0.0,0.0,35,1,330,765,0.43,2,9,9
09-18-2020 10:00,1825,127.4,7.2,1033,66,4.2,0.0,0.0,35,1,345,765,0.45,2,10,9
09-18-2020 10:15,2520,118.1,7.2,1033,66,4.2,0.0,0.0,35,1,360,765,0.47,2,10,9
